id,name,type,price,today,diff price,diff percent,screen,size,hearth rate,waterproof,conectividad,url,23/11/21,24/11/21,25/11/21,26/11/21,28/11/21,29/11/21,30/11/21,01/12/21,02/12/21,03/12/21,05/12/21,06/12/21,07/12/21,08/12/21,09/12/21,12/12/21,13/12/21,14/12/21,15/12/21
127002,Apple Watch Series 7 41mm (GPS / Aluminium Case / Starlight),Smartwatch,449990,409990,-40000,9,"Retina LTPO OLED 1,7"" táctil (352x430 px.)",M,Sí,Sí,"Bluetooth Low Energy (LE) 5.0
NFC
Wi-Fi",https://www.solotodo.cl/products/127002-apple-watch-series-7-41mm-gps-aluminium-case-starlight,,,,,,,,,,,,,,,,449990,449990,449990,409990
125295,Apple Watch SE 44mm (GPS Only / Sport Band / Gold / Starlight),Smartwatch,308879,299990,-8889,3,"Retina LTPO OLED 1,8"" táctil (368x448 px.)",M,Sí,Sí,"Bluetooth Low Energy (LE) 5.0
NFC
Wi-Fi",https://www.solotodo.cl/products/125295-apple-watch-se-44mm-gps-only-sport-band-gold-starlight,319990,319990,319990,319990,319990,319990,319990,319990,299990,299990,299990,299990,299990,299990,299990,299990,299990,299990,299990
59515,Apple Watch 3 38mm - Silver (MTEY2CL/A),Smartwatch,184434,179990,-4444,2,"OLED 1.5"" táctil (272x340 px.)",M,Sí,Sí,"Bluetooth Low Energy (LE) 4.2
NFC
Wi-Fi",https://www.solotodo.cl/products/59515-apple-watch-3-38mm-silver-mtey2cla,189990,189990,189990,189990,179990,179990,189990,169990,189990,189990,189990,189990,179990,179990,179990,179990,179990,179990,179990
92599,Apple Watch 6 44mm (GPS + Cellular / Sport Band / Gold / Cyprus Green) [M09F3BE/A],Smartwatch,716657,699990,-16667,2,"Retina LTPO OLED 1,8"" táctil (368x448 px.)",M,Sí,Sí,"Bluetooth Low Energy (LE) 5.0
NFC
Wi-Fi",https://www.solotodo.cl/products/92599-apple-watch-6-44mm-gps-cellular-sport-band-gold-cyprus-green-m09f3bea,729990,729990,729990,729990,729990,729990,729990,729990,729990,729990,699990,699990,699990,699990,699990,699990,699990,699990,699990
127010,Apple Watch Series 7 Nike+ 41mm (GPS / Aluminium Case / Starlight) [MKN33BE/A],Smartwatch,422890,413390,-9500,2,"Retina LTPO OLED 1,7"" táctil (352x430 px.)",M,Sí,Sí,"Bluetooth Low Energy (LE) 5.0
NFC
Wi-Fi",https://www.solotodo.cl/products/127010-apple-watch-series-7-nike-41mm-gps-aluminium-case-starlight-mkn33bea,,,,,,,,,,,,,,,,422890,422890,422890,413390
91813,Apple Watch SE 44mm (GPS + Cellular / Sport Band / Pink Sand) [MYEX2BE/A],Smartwatch,378014,369990,-8024,2,"Retina LTPO OLED 1,8"" táctil (368x448 px.)",M,Sí,Sí,"Bluetooth Low Energy (LE) 5.0
GSM
LTE
NFC
Wi-Fi",https://www.solotodo.cl/products/91813-apple-watch-se-44mm-gps-cellular-sport-band-pink-sand-myex2bea,379990,379990,379990,379990,379990,379990,379990,378290,378290,378290,378290,378290,378290,378290,378290,,369990,369990,369990
90925,Apple Watch 6 44mm (GPS + Cellular / Sport Band / Graphite) [M09J3BE/A],Smartwatch,786657,769990,-16667,2,"Retina LTPO OLED 1,8"" táctil (368x448 px.)",M,Sí,Sí,"Bluetooth Low Energy (LE) 5.0
NFC
Wi-Fi",https://www.solotodo.cl/products/90925-apple-watch-6-44mm-gps-cellular-sport-band-graphite-m09j3bea,799990,799990,799990,799990,799990,799990,799990,799990,799990,799990,769990,769990,769990,769990,769990,769990,769990,769990,769990
92060,Apple Watch SE 44mm (GPS + Cellular / Sport Band / Silver) [MYEV2BE/A],Smartwatch,377568,369990,-7578,2,"Retina LTPO OLED 1,8"" táctil (368x448 px.)",M,Sí,Sí,"Bluetooth Low Energy (LE) 5.0
GSM
LTE
NFC
Wi-Fi",https://www.solotodo.cl/products/92060-apple-watch-se-44mm-gps-cellular-sport-band-silver-myev2bea,379990,379990,379990,379990,379990,379990,379990,378290,378290,378290,378290,378290,378290,378290,378290,369990,369990,369990,369990
91669,Apple Watch 6 44mm (GPS Only / Sport Band / Product RED) [M00M3BE/A],Smartwatch,406657,399990,-6667,2,"Retina LTPO OLED 1,8"" táctil (368x448 px.)",M,Sí,Sí,"Bluetooth Low Energy (LE) 5.0
NFC
Wi-Fi",https://www.solotodo.cl/products/91669-apple-watch-6-44mm-gps-only-sport-band-product-red-m00m3bea,399990,429990,429990,429990,399990,399990,399990,429990,399990,399990,399990,399990,399990,399990,399990,399990,399990,399990,399990
88317,Apple Watch 6 44mm (GPS + Cellular / Sport Band / Space Gray) [MG2E3BE/A],Smartwatch,741101,729990,-11111,1,"Retina LTPO OLED 1,8"" táctil (368x448 px.)",M,Sí,Sí,"Bluetooth Low Energy (LE) 5.0
NFC
Wi-Fi",https://www.solotodo.cl/products/88317-apple-watch-6-44mm-gps-cellular-sport-band-space-gray-mg2e3bea,749990,749990,749990,749990,749990,749990,749990,749990,749990,749990,729990,729990,729990,729990,729990,729990,729990,729990,729990
91429,Apple Watch 6 Nike 44mm (GPS Only / Sport Band / Silver / Pure Platinum Black) [MG293BE/A],Smartwatch,426240,419990,-6250,1,"Retina LTPO OLED 1,8"" táctil (368x448 px.)",M,Sí,Sí,"Bluetooth Low Energy (LE) 5.0
NFC
Wi-Fi",https://www.solotodo.cl/products/91429-apple-watch-6-nike-44mm-gps-only-sport-band-silver-pure-platinum-black-mg293bea,429990,429990,429990,429990,429990,429990,429990,429990,429990,429990,419990,419990,419990,419990,419990,419990,,,419990
91602,Apple Watch 6 Nike 40mm (GPS Only / Sport Band / Silver / Pure Platinum Black),Smartwatch,395546,389990,-5556,1,"Retina LTPO OLED 1,8"" táctil (368x448 px.)",M,Sí,Sí,"Bluetooth Low Energy (LE) 5.0
NFC
Wi-Fi",https://www.solotodo.cl/products/91602-apple-watch-6-nike-40mm-gps-only-sport-band-silver-pure-platinum-black,399990,399990,399990,399990,399990,399990,399990,399990,399990,399990,389990,389990,389990,389990,389990,389990,389990,389990,389990
91670,Apple Watch 6 Nike 40mm (GPS Only / Sport Band / Space Gray / Anthracite Black) (M00X3BE/A),Smartwatch,394990,389990,-5000,1,"Retina LTPO OLED 1,8"" táctil (368x448 px.)",M,Sí,Sí,"Bluetooth Low Energy (LE) 5.0
NFC
Wi-Fi",https://www.solotodo.cl/products/91670-apple-watch-6-nike-40mm-gps-only-sport-band-space-gray-anthracite-black-m00x3bea,399990,399990,399990,399990,399990,399990,399990,399990,399990,399990,379990,389990,389990,389990,389990,389990,389990,389990,389990
91434,Apple Watch SE 40mm (GPS + Cellular / Sport Band / Space Gray) [MYEK2BE/A],Smartwatch,344079,339990,-4089,1,"Retina LTPO OLED 1,6"" táctil (324x394 px.)",M,Sí,Sí,"Bluetooth Low Energy (LE) 5.0
GSM
LTE
NFC
Wi-Fi",https://www.solotodo.cl/products/91434-apple-watch-se-40mm-gps-cellular-sport-band-space-gray-myek2bea,339990,339990,339990,339990,339990,339990,339990,349190,349190,349190,349190,349190,349190,349190,349190,339990,339990,339990,339990
91431,Apple Watch SE 40mm (GPS + Cellular / Sport Band / Silver) [MYEF2BE/A],Smartwatch,343568,339990,-3578,1,"Retina LTPO OLED 1,6"" táctil (324x394 px.)",M,Sí,Sí,"Bluetooth Low Energy (LE) 5.0
GSM
LTE
NFC
Wi-Fi",https://www.solotodo.cl/products/91431-apple-watch-se-40mm-gps-cellular-sport-band-silver-myef2bea,339990,339990,339990,339990,339990,339990,339990,339990,349190,349190,349190,349190,349190,349190,349190,339990,339990,339990,339990
59753,Apple Watch 3 38mm - Space Gray (MTF02CL/A),Smartwatch,181657,179990,-1667,1,"OLED 1.5"" táctil (272x340 px.)",M,Sí,Sí,"Bluetooth Low Energy (LE) 4.2
NFC
Wi-Fi",https://www.solotodo.cl/products/59753-apple-watch-3-38mm-space-gray-mtf02cla,189990,189990,189990,179990,179990,179990,179990,179990,179990,179990,179990,179990,179990,179990,179990,179990,179990,179990,179990
69131,Apple Watch 5 40mm - Silver (MWV62CI/A),Smartwatch,381101,379990,-1111,0,"OLED 1,6"" táctil (324x394 px.)",M,Sí,Sí,"Bluetooth Low Energy (LE) 5.0
NFC
Wi-Fi",https://www.solotodo.cl/products/69131-apple-watch-5-40mm-silver-mwv62cia,379990,379990,399990,379990,379990,379990,379990,379990,379990,379990,379990,379990,379990,379990,379990,379990,379990,379990,379990
125620,Apple Watch SE 44mm (GPS Only / Sport Band / Space Gray / Midnight),Smartwatch,350615,349990,-625,0,"Retina LTPO OLED 1,8"" táctil (368x448 px.)",M,Sí,Sí,"Bluetooth Low Energy (LE) 5.0
NFC
Wi-Fi",https://www.solotodo.cl/products/125620-apple-watch-se-44mm-gps-only-sport-band-space-gray-midnight,349990,349990,349990,349990,359990,359990,359990,359990,359990,359990,,339990,,339990,339990,339990,339990,349990,349990
69130,Apple Watch 5 40mm - Gold (MWV72CI/A),Smartwatch,379990,379990,0,0,"OLED 1,6"" táctil (324x394 px.)",M,Sí,Sí,"Bluetooth Low Energy (LE) 5.0
NFC
Wi-Fi",https://www.solotodo.cl/products/69130-apple-watch-5-40mm-gold-mwv72cia,,,,379990,379990,379990,379990,379990,379990,379990,379990,379990,379990,379990,379990,379990,379990,379990,379990
127001,Apple Watch Series 7 41mm (GPS / Aluminium Case / Green) [MKN03BE/A],Smartwatch,409990,409990,0,0,"Retina LTPO OLED 1,7"" táctil (352x430 px.)",M,Sí,Sí,"Bluetooth Low Energy (LE) 5.0
NFC
Wi-Fi",https://www.solotodo.cl/products/127001-apple-watch-series-7-41mm-gps-aluminium-case-green-mkn03bea,,,,,,,,,,,,,,,,409990,409990,409990,409990
124329,Apple Watch SE 44mm (GPS + Cellular / Sport Loop / Silver / Abyss Blue Moss Green),Smartwatch,369990,369990,0,0,"Retina LTPO OLED 1,8"" táctil (368x448 px.)",M,Sí,Sí,"Bluetooth Low Energy (LE) 5.0
GSM
LTE
NFC
Wi-Fi",https://www.solotodo.cl/products/124329-apple-watch-se-44mm-gps-cellular-sport-loop-silver-abyss-blue-moss-green,369990,369990,369990,369990,369990,369990,369990,369990,369990,369990,369990,369990,369990,369990,369990,369990,369990,369990,369990
126794,Apple Watch SE 44mm (GPS + Cellular / Sport Loop / Space Gray / Tornado Gray),Smartwatch,369990,369990,0,0,"Retina LTPO OLED 1,8"" táctil (368x448 px.)",M,Sí,Sí,"Bluetooth Low Energy (LE) 5.0
GSM
LTE
NFC
Wi-Fi",https://www.solotodo.cl/products/126794-apple-watch-se-44mm-gps-cellular-sport-loop-space-gray-tornado-gray,,,,,,,,,,,,,,369990,369990,369990,369990,369990,369990
124330,Apple Watch SE 40mm (GPS + Cellular / Sport Loop / Space Gray / Tornado Gray),Smartwatch,339990,339990,0,0,"Retina LTPO OLED 1,6"" táctil (324x394 px.)",M,Sí,Sí,"Bluetooth Low Energy (LE) 5.0
GSM
LTE
NFC
Wi-Fi",https://www.solotodo.cl/products/124330-apple-watch-se-40mm-gps-cellular-sport-loop-space-gray-tornado-gray,339990,339990,339990,339990,339990,339990,339990,339990,339990,339990,339990,339990,339990,339990,339990,339990,339990,339990,339990
91423,Apple Watch 6 40mm (GPS + Cellular / Sport Band / Gold / Cyprus Green) [M06V3BE/A],Smartwatch,679990,679990,0,0,"Retina LTPO OLED 1,8"" táctil (368x448 px.)",M,Sí,Sí,"Bluetooth Low Energy (LE) 5.0
NFC
Wi-Fi",https://www.solotodo.cl/products/91423-apple-watch-6-40mm-gps-cellular-sport-band-gold-cyprus-green-m06v3bea,679990,679990,679990,679990,679990,679990,679990,679990,679990,679990,679990,679990,679990,679990,679990,679990,679990,679990,679990
90286,Apple Watch 6 40mm (GPS + Cellular / Sport Band / Blue) [M06Q3BE/A],Smartwatch,499990,499990,0,0,"Retina LTPO OLED 1,8"" táctil (368x448 px.)",M,Sí,Sí,"Bluetooth Low Energy (LE) 5.0
NFC
Wi-Fi",https://www.solotodo.cl/products/90286-apple-watch-6-40mm-gps-cellular-sport-band-blue-m06q3bea,499990,499990,499990,499990,499990,499990,499990,499990,499990,499990,499990,499990,499990,499990,499990,499990,499990,499990,499990
88316,Apple Watch 6 44mm (GPS + Cellular / Sport Band / Product RED) [M09C3BE/A],Smartwatch,529990,529990,0,0,"Retina LTPO OLED 1,8"" táctil (368x448 px.)",M,Sí,Sí,"Bluetooth Low Energy (LE) 5.0
NFC
Wi-Fi",https://www.solotodo.cl/products/88316-apple-watch-6-44mm-gps-cellular-sport-band-product-red-m09c3bea,529990,529990,529990,529990,529990,529990,529990,529990,529990,529990,529990,529990,529990,529990,529990,529990,529990,529990,529990
91730,Apple Watch 6 Nike 40mm (GPS + Cellular / Sport Band / Silver / Pure Platinum Black),Smartwatch,499990,499990,0,0,"Retina LTPO OLED 1,8"" táctil (368x448 px.)",M,Sí,Sí,"Bluetooth Low Energy (LE) 5.0
NFC
Wi-Fi",https://www.solotodo.cl/products/91730-apple-watch-6-nike-40mm-gps-cellular-sport-band-silver-pure-platinum-black,499990,499990,499990,499990,499990,499990,499990,499990,499990,499990,499990,499990,499990,499990,499990,499990,499990,499990,499990
125608,Apple Watch SE 40mm (GPS + Cellular / Sport Band / Gold / Starlight),Smartwatch,339990,339990,0,0,"Retina LTPO OLED 1,6"" táctil (324x394 px.)",M,Sí,Sí,"Bluetooth Low Energy (LE) 5.0
GSM
LTE
NFC
Wi-Fi",https://www.solotodo.cl/products/125608-apple-watch-se-40mm-gps-cellular-sport-band-gold-starlight,339990,339990,339990,339990,339990,339990,339990,339990,339990,339990,339990,339990,339990,339990,339990,339990,339990,339990,339990
92600,Apple Watch SE Nike 44mm (GPS + Cellular / Sport Band / Silver / Pure Platinum Black) [MG083BE/A],Smartwatch,379990,379990,0,0,"Retina LTPO OLED 1,8"" táctil (368x448 px.)",M,Sí,Sí,"Bluetooth Low Energy (LE) 5.0
GSM
LTE
NFC
Wi-Fi",https://www.solotodo.cl/products/92600-apple-watch-se-nike-44mm-gps-cellular-sport-band-silver-pure-platinum-black-mg083bea,379990,379990,379990,379990,379990,379990,379990,379990,379990,379990,379990,379990,379990,379990,379990,379990,379990,379990,379990
91422,Apple Watch 6 Nike 40mm (GPS + Cellular / Sport Band / Space Gray / Anthracite Black),Smartwatch,499990,499990,0,0,"Retina LTPO OLED 1,8"" táctil (368x448 px.)",M,Sí,Sí,"Bluetooth Low Energy (LE) 5.0
NFC
Wi-Fi",https://www.solotodo.cl/products/91422-apple-watch-6-nike-40mm-gps-cellular-sport-band-space-gray-anthracite-black,499990,499990,499990,499990,499990,499990,499990,499990,499990,499990,499990,499990,499990,499990,499990,499990,499990,499990,499990
88110,Apple Watch 6 40mm (GPS Only / Sport Band / Product RED) [M00A3BE/A],Smartwatch,369990,369990,0,0,"Retina LTPO OLED 1,8"" táctil (368x448 px.)",M,Sí,Sí,"Bluetooth Low Energy (LE) 5.0
NFC
Wi-Fi",https://www.solotodo.cl/products/88110-apple-watch-6-40mm-gps-only-sport-band-product-red-m00a3bea,369990,369990,369990,369990,369990,369990,369990,369990,369990,369990,369990,369990,369990,369990,369990,369990,369990,369990,369990
88107,Apple Watch 6 40mm (GPS + Cellular / Sport Band / Product RED) [M06R3BE/A],Smartwatch,499990,499990,0,0,"Retina LTPO OLED 1,8"" táctil (368x448 px.)",M,Sí,Sí,"Bluetooth Low Energy (LE) 5.0
NFC
Wi-Fi",https://www.solotodo.cl/products/88107-apple-watch-6-40mm-gps-cellular-sport-band-product-red-m06r3bea,499990,499990,499990,499990,499990,499990,499990,499990,499990,499990,499990,499990,499990,499990,499990,499990,499990,499990,499990
91428,Apple Watch 6 40mm (GPS + Cellular / Milanese Loop / Silver) [M06U3BE/A],Smartwatch,729990,729990,0,0,"Retina LTPO OLED 1,8"" táctil (368x448 px.)",M,Sí,Sí,"Bluetooth Low Energy (LE) 5.0
NFC
Wi-Fi",https://www.solotodo.cl/products/91428-apple-watch-6-40mm-gps-cellular-milanese-loop-silver-m06u3bea,729990,729990,729990,729990,729990,729990,729990,729990,729990,729990,729990,729990,729990,729990,729990,729990,729990,729990,729990
91424,Apple Watch 6 40mm (GPS + Cellular / Milanese Loop / Graphite) [M06Y3BE/A],Smartwatch,729990,729990,0,0,"Retina LTPO OLED 1,8"" táctil (368x448 px.)",M,Sí,Sí,"Bluetooth Low Energy (LE) 5.0
NFC
Wi-Fi",https://www.solotodo.cl/products/91424-apple-watch-6-40mm-gps-cellular-milanese-loop-graphite-m06y3bea,729990,729990,729990,729990,729990,729990,729990,729990,729990,729990,729990,729990,729990,729990,729990,729990,729990,729990,729990
126795,Apple Watch SE 40mm (GPS + Cellular / Sport Band / Silver / Abyss Blue),Smartwatch,339990,339990,0,0,"Retina LTPO OLED 1,6"" táctil (324x394 px.)",M,Sí,Sí,"Bluetooth Low Energy (LE) 5.0
GSM
LTE
NFC
Wi-Fi",https://www.solotodo.cl/products/126795-apple-watch-se-40mm-gps-cellular-sport-band-silver-abyss-blue,,,,,,,,,,,,,,339990,339990,339990,339990,339990,339990
91814,Apple Watch SE Nike 40mm (GPS Only / Sport Band / Silver / Pure Platinum Black),Smartwatch,289990,289990,0,0,"Retina LTPO OLED 1,6"" táctil (324x394 px.)",M,Sí,Sí,"Bluetooth Low Energy (LE) 5.0
NFC
Wi-Fi",https://www.solotodo.cl/products/91814-apple-watch-se-nike-40mm-gps-only-sport-band-silver-pure-platinum-black,289990,289990,289990,289990,289990,289990,289990,289990,289990,289990,289990,289990,289990,289990,289990,289990,289990,289990,289990
127017,Apple Watch Series 7 Nike+ 45mm (GPS / Aluminium Case / Midnight Blue),Smartwatch,514990,514990,0,0,"Retina LTPO OLED 1.9"" táctil (396x484 px.)",M,Sí,Sí,"Bluetooth Low Energy (LE) 5.0
NFC
Wi-Fi",https://www.solotodo.cl/products/127017-apple-watch-series-7-nike-45mm-gps-aluminium-case-midnight-blue,,,,,,,,,,,,,,,,514990,514990,514990,514990
91435,Apple Watch SE Nike 40mm (GPS Only / Sport Band / Space Gray / Anthracite Black) [MYYF2BE/A],Smartwatch,319990,319990,0,0,"Retina LTPO OLED 1,6"" táctil (324x394 px.)",M,Sí,Sí,"Bluetooth Low Energy (LE) 5.0
NFC
Wi-Fi",https://www.solotodo.cl/products/91435-apple-watch-se-nike-40mm-gps-only-sport-band-space-gray-anthracite-black-myyf2bea,319990,319990,319990,319990,319990,319990,319990,319990,319990,319990,319990,319990,319990,319990,319990,319990,319990,319990,319990
127004,Apple Watch Series 7 41mm (GPS / Aluminium Case / Blue),Smartwatch,409990,409990,0,0,"Retina LTPO OLED 1,7"" táctil (352x430 px.)",M,Sí,Sí,"Bluetooth Low Energy (LE) 5.0
NFC
Wi-Fi",https://www.solotodo.cl/products/127004-apple-watch-series-7-41mm-gps-aluminium-case-blue,,,,,,,,,,,,,,,,409990,409990,409990,409990
127005,Apple Watch Series 7 41mm (GPS / Aluminium Case / Midnight Blue),Smartwatch,409990,409990,0,0,"Retina LTPO OLED 1,7"" táctil (352x430 px.)",M,Sí,Sí,"Bluetooth Low Energy (LE) 5.0
NFC
Wi-Fi",https://www.solotodo.cl/products/127005-apple-watch-series-7-41mm-gps-aluminium-case-midnight-blue,,,,,,,,,,,,,,,,409990,409990,409990,409990
125619,Apple Watch SE 40mm (GPS + Cellular / Sport Band / Space Gray / Midnight),Smartwatch,339990,339990,0,0,"Retina LTPO OLED 1,6"" táctil (324x394 px.)",M,Sí,Sí,"Bluetooth Low Energy (LE) 5.0
GSM
LTE
NFC
Wi-Fi",https://www.solotodo.cl/products/125619-apple-watch-se-40mm-gps-cellular-sport-band-space-gray-midnight,339990,339990,339990,339990,339990,339990,339990,339990,339990,339990,339990,339990,339990,339990,339990,339990,339990,339990,339990
126796,Apple Watch SE 40mm (GPS + Cellular / Sport Loop / Silver / Abyss Blue Moss Green),Smartwatch,339990,339990,0,0,"Retina LTPO OLED 1,6"" táctil (324x394 px.)",M,Sí,Sí,"Bluetooth Low Energy (LE) 5.0
GSM
LTE
NFC
Wi-Fi",https://www.solotodo.cl/products/126796-apple-watch-se-40mm-gps-cellular-sport-loop-silver-abyss-blue-moss-green,,,,,,,,,,,,,,339990,339990,339990,339990,339990,339990
127016,Apple Watch Series 7 Nike+ 45mm (GPS / Aluminium Case / Starlight),Smartwatch,514990,514990,0,0,"Retina LTPO OLED 1.9"" táctil (396x484 px.)",M,Sí,Sí,"Bluetooth Low Energy (LE) 5.0
NFC
Wi-Fi",https://www.solotodo.cl/products/127016-apple-watch-series-7-nike-45mm-gps-aluminium-case-starlight,,,,,,,,,,,,,,,,514990,514990,514990,514990
127006,Apple Watch Series 7 45mm (GPS / Aluminium Case / Starlight),Smartwatch,449990,449990,0,0,"Retina LTPO OLED 1.9"" táctil (396x484 px.)",M,Sí,Sí,"Bluetooth Low Energy (LE) 5.0
NFC
Wi-Fi",https://www.solotodo.cl/products/127006-apple-watch-series-7-45mm-gps-aluminium-case-starlight,,,,,,,,,,,,,,,,449990,449990,449990,449990
127009,Apple Watch Series 7 45mm (GPS / Aluminium Case / Blue),Smartwatch,449990,449990,0,0,"Retina LTPO OLED 1.9"" táctil (396x484 px.)",M,Sí,Sí,"Bluetooth Low Energy (LE) 5.0
NFC
Wi-Fi",https://www.solotodo.cl/products/127009-apple-watch-series-7-45mm-gps-aluminium-case-blue,,,,,,,,,,,,,,,,449990,449990,449990,449990
127007,Apple Watch Series 7 45mm (GPS / Aluminium Case / Green),Smartwatch,449990,449990,0,0,"Retina LTPO OLED 1.9"" táctil (396x484 px.)",M,Sí,Sí,"Bluetooth Low Energy (LE) 5.0
NFC
Wi-Fi",https://www.solotodo.cl/products/127007-apple-watch-series-7-45mm-gps-aluminium-case-green,,,,,,,,,,,,,,,,449990,449990,449990,449990
127003,Apple Watch Series 7 41mm (GPS / Aluminium Case / Red),Smartwatch,479990,479990,0,0,"Retina LTPO OLED 1,7"" táctil (352x430 px.)",M,Sí,Sí,"Bluetooth Low Energy (LE) 5.0
NFC
Wi-Fi",https://www.solotodo.cl/products/127003-apple-watch-series-7-41mm-gps-aluminium-case-red,,,,,,,,,,,,,,,,479990,479990,479990,479990
88109,Apple Watch 6 40mm (GPS + Cellular / Sport Band / Pink Sand) [M06N3BE/A],Smartwatch,498879,499990,1111,-0,"Retina LTPO OLED 1,8"" táctil (368x448 px.)",M,Sí,Sí,"Bluetooth Low Energy (LE) 5.0
GSM
LTE
NFC
Wi-Fi",https://www.solotodo.cl/products/88109-apple-watch-6-40mm-gps-cellular-sport-band-pink-sand-m06n3bea,479990,499990,499990,499990,499990,499990,499990,499990,499990,499990,499990,499990,499990,499990,499990,499990,499990,499990,499990
88318,Apple Watch 6 44mm (GPS + Cellular / Sport Band / Silver) [MG2C3BE/A],Smartwatch,518323,519990,1667,-0,"Retina LTPO OLED 1,8"" táctil (368x448 px.)",M,Sí,Sí,"Bluetooth Low Energy (LE) 5.0
NFC
Wi-Fi",https://www.solotodo.cl/products/88318-apple-watch-6-44mm-gps-cellular-sport-band-silver-mg2c3bea,529990,529990,399990,529990,529990,529990,529990,529990,529990,529990,519990,519990,519990,519990,519990,519990,519990,519990,519990
59513,Apple Watch 3 42mm - Silver (MTF22CL/A),Smartwatch,227768,229990,2222,-1,OLED táctil (312x390 px.),M,Sí,Sí,"Bluetooth Low Energy (LE) 4.2
NFC
Wi-Fi",https://www.solotodo.cl/products/59513-apple-watch-3-42mm-silver-mtf22cla,219990,229990,229990,229990,219990,219990,219990,229990,229990,229990,229990,229990,229990,229990,229990,229990,229990,229990,229990
125621,Apple Watch SE 40mm (GPS Only / Sport Band / Space Gray / Midnight),Smartwatch,285546,289990,4444,-2,"Retina LTPO OLED 1,6"" táctil (324x394 px.)",M,Sí,Sí,"Bluetooth Low Energy (LE) 5.0
NFC
Wi-Fi",https://www.solotodo.cl/products/125621-apple-watch-se-40mm-gps-only-sport-band-space-gray-midnight,279990,289990,289990,289990,259990,259990,289990,279990,289990,289990,289990,289990,289990,289990,289990,289990,289990,289990,289990
90287,Apple Watch 6 40mm (GPS + Cellular / Sport Band / Silver) [M06M3BE/A],Smartwatch,492212,499990,7778,-2,"Retina LTPO OLED 1,8"" táctil (368x448 px.)",M,Sí,Sí,"Bluetooth Low Energy (LE) 5.0
NFC
Wi-Fi",https://www.solotodo.cl/products/90287-apple-watch-6-40mm-gps-cellular-sport-band-silver-m06m3bea,479990,499990,499990,499990,459990,459990,459990,499990,499990,499990,499990,499990,499990,499990,499990,499990,499990,499990,499990
124735,Apple Watch SE 40mm (GPS Only / Sport Band / Gold / Starlight),Smartwatch,284990,289990,5000,-2,"Retina LTPO OLED 1,6"" táctil (324x394 px.)",M,Sí,Sí,"Bluetooth Low Energy (LE) 5.0
NFC
Wi-Fi",https://www.solotodo.cl/products/124735-apple-watch-se-40mm-gps-only-sport-band-gold-starlight,269990,289990,289990,289990,259990,259990,289990,279990,289990,289990,289990,289990,289990,289990,289990,289990,289990,289990,289990
88374,Apple Watch SE 44mm (GPS Only / Sport Band / Space Gray) [MYDT2BE/A],Smartwatch,313868,319990,6122,-2,"Retina LTPO OLED 1,8"" táctil (368x448 px.)",M,Sí,Sí,"Bluetooth Low Energy (LE) 5.0
NFC
Wi-Fi",https://www.solotodo.cl/products/88374-apple-watch-se-44mm-gps-only-sport-band-space-gray-mydt2bea,319990,319990,319990,319990,319990,319990,319990,319990,299990,299990,299990,299990,299990,299990,329790,319990,319990,319990,319990
124734,Apple Watch SE 40mm (GPS Only / Sport Band / Silver / Abyss Blue),Smartwatch,284434,289990,5556,-2,"Retina LTPO OLED 1,6"" táctil (324x394 px.)",M,Sí,Sí,"Bluetooth Low Energy (LE) 5.0
NFC
Wi-Fi",https://www.solotodo.cl/products/124734-apple-watch-se-40mm-gps-only-sport-band-silver-abyss-blue,279990,289990,289990,289990,259990,259990,259990,289990,289990,289990,289990,289990,289990,289990,289990,289990,289990,289990,289990
88322,Apple Watch 6 44mm (GPS Only / Sport Band / Silver) [M00D3BE/A],Smartwatch,411101,419990,8889,-2,"Retina LTPO OLED 1,8"" táctil (368x448 px.)",M,Sí,Sí,"Bluetooth Low Energy (LE) 5.0
NFC
Wi-Fi",https://www.solotodo.cl/products/88322-apple-watch-6-44mm-gps-only-sport-band-silver-m00d3bea,399990,399990,399990,399990,419990,419990,399990,399990,399990,399990,419990,419990,419990,419990,419990,419990,419990,419990,419990
91432,Apple Watch SE 44mm (GPS Only / Sport Band / Silver) [MYDQ2BE/A],Smartwatch,293323,299990,6667,-2,"Retina LTPO OLED 1,8"" táctil (368x448 px.)",M,Sí,Sí,"Bluetooth Low Energy (LE) 5.0
NFC
Wi-Fi",https://www.solotodo.cl/products/91432-apple-watch-se-44mm-gps-only-sport-band-silver-mydq2bea,299990,299990,299990,299990,279990,279990,279990,279990,279990,279990,299990,299990,299990,299990,299990,299990,299990,299990,299990
88379,Apple Watch 6 40mm (GPS Only / Sport Band / Silver) [MG283BE/A],Smartwatch,371101,379990,8889,-2,"Retina LTPO OLED 1,8"" táctil (368x448 px.)",M,Sí,Sí,"Bluetooth Low Energy (LE) 5.0
NFC
Wi-Fi",https://www.solotodo.cl/products/88379-apple-watch-6-40mm-gps-only-sport-band-silver-mg283bea,369990,369990,369990,369990,369990,369990,389990,369990,369990,369990,369990,369990,369990,369990,369990,369990,369990,369990,379990
88112,Apple Watch 6 40mm (GPS Only / Sport Band / Space Gray) [MG133BE/A],Smartwatch,438879,449990,11111,-3,"Retina LTPO OLED 1,8"" táctil (368x448 px.)",M,Sí,Sí,"Bluetooth Low Energy (LE) 5.0
NFC
Wi-Fi",https://www.solotodo.cl/products/88112-apple-watch-6-40mm-gps-only-sport-band-space-gray-mg133bea,399990,399990,399990,399990,449990,449990,449990,449990,449990,449990,449990,449990,449990,449990,449990,449990,449990,449990,449990
69133,Apple Watch 5 44mm - Silver (MWVD2CI/A),Smartwatch,413323,429990,16667,-4,"OLED 1,8"" táctil (368x448 px.)",M,Sí,Sí,"Bluetooth Low Energy (LE) 5.0
NFC
Wi-Fi",https://www.solotodo.cl/products/69133-apple-watch-5-44mm-silver-mwvd2cia,409990,409990,409990,409990,409990,409990,409990,409990,409990,409990,409990,409990,409990,409990,409990,429990,429990,429990,429990
88378,Apple Watch SE 40mm (GPS Only / Sport Band / Silver) [MYDM2BE/A],Smartwatch,279601,290990,11389,-4,"Retina LTPO OLED 1,6"" táctil (324x394 px.)",M,Sí,Sí,"Bluetooth Low Energy (LE) 5.0
NFC
Wi-Fi",https://www.solotodo.cl/products/88378-apple-watch-se-40mm-gps-only-sport-band-silver-mydm2bea,269990,269990,269990,269990,269990,269990,269990,279990,279990,279990,279990,279990,289990,289990,289990,290990,290990,290990,290990
88106,Apple Watch 6 40mm (GPS Only / Sport Band / Pink Sand) [MG123BE/A],Smartwatch,655284,689990,34706,-5,"Retina LTPO OLED 1,8"" táctil (368x448 px.)",M,Sí,Sí,"Bluetooth Low Energy (LE) 5.0
NFC
Wi-Fi",https://www.solotodo.cl/products/88106-apple-watch-6-40mm-gps-only-sport-band-pink-sand-mg123bea,369990,369990,,699990,699990,699990,699990,699990,689990,689990,689990,689990,689990,689990,689990,689990,689990,689990,689990
88108,Apple Watch 6 40mm (GPS + Cellular / Sport Band / Aluminium Dial / Space Gray) [M06P3BE/A],Smartwatch,474824,499990,25166,-5,"Retina LTPO OLED 1,8"" táctil (368x448 px.)",M,Sí,Sí,"Bluetooth Low Energy (LE) 5.0
NFC
Wi-Fi",https://www.solotodo.cl/products/88108-apple-watch-6-40mm-gps-cellular-sport-band-aluminium-dial-space-gray-m06p3bea,499990,499990,499990,499990,499990,499990,499990,499990,499990,499990,469990,469990,469990,469990,469990,398993,398993,398993,499990
59514,Apple Watch 3 42mm - Space Gray (MTF32CL/A),Smartwatch,208879,219990,11111,-5,OLED táctil (312x390 px.),M,Sí,Sí,"Bluetooth Low Energy (LE) 4.2
NFC
Wi-Fi",https://www.solotodo.cl/products/59514-apple-watch-3-42mm-space-gray-mtf32cla,219990,219990,219990,219990,219990,219990,219990,219990,219990,219990,199990,199990,179990,199990,199990,199990,199990,179990,219990
69132,Apple Watch 5 44mm - Space Gray (MWVF2CI/A),Smartwatch,397768,419990,22222,-6,"OLED 1,8"" táctil (368x448 px.)",M,Sí,Sí,"Bluetooth Low Energy (LE) 5.0
NFC
Wi-Fi",https://www.solotodo.cl/products/69132-apple-watch-5-44mm-space-gray-mwvf2cia,409990,409990,409990,409990,409990,409990,409990,409990,409990,409990,359990,359990,359990,359990,359990,419990,419990,419990,419990
92167,Apple Watch SE 44mm (GPS Only / Sport Band / Pink Sand) [MYDR2BE/A],Smartwatch,300657,319990,19333,-6,"Retina LTPO OLED 1,8"" táctil (368x448 px.)",M,Sí,Sí,"Bluetooth Low Energy (LE) 5.0
NFC
Wi-Fi",https://www.solotodo.cl/products/92167-apple-watch-se-44mm-gps-only-sport-band-pink-sand-mydr2bea,251990,299990,299990,299990,299990,299990,299990,299990,299990,299990,299990,299990,299990,299990,299990,319990,319990,319990,319990
88111,Apple Watch 6 40mm (GPS Only / Sport Band / Blue) [MG143BE/A],Smartwatch,364323,387990,23667,-6,"Retina LTPO OLED 1,8"" táctil (368x448 px.)",M,Sí,Sí,"Bluetooth Low Energy (LE) 5.0
NFC
Wi-Fi",https://www.solotodo.cl/products/88111-apple-watch-6-40mm-gps-only-sport-band-blue-mg143bea,369990,349990,349990,349990,349990,349990,349990,369990,369990,369990,369990,369990,369990,369990,369990,387990,369990,369990,387990
69129,Apple Watch 5 40mm - Space Gray (MWV82CI/A),Smartwatch,376657,409990,33333,-9,"OLED 1,6"" táctil (324x394 px.)",M,Sí,Sí,"Bluetooth Low Energy (LE) 5.0
NFC
Wi-Fi",https://www.solotodo.cl/products/69129-apple-watch-5-40mm-space-gray-mwv82cia,379990,379990,379990,379990,379990,379990,379990,379990,379990,379990,349990,349990,349990,349990,349990,409990,409990,409990,409990
124732,Apple Watch SE 44mm (GPS Only / Sport Band / Silver / Abyss Blue),Smartwatch,312768,369990,57222,-18,"Retina LTPO OLED 1,8"" táctil (368x448 px.)",M,Sí,Sí,"Bluetooth Low Energy (LE) 5.0
NFC
Wi-Fi",https://www.solotodo.cl/products/124732-apple-watch-se-44mm-gps-only-sport-band-silver-abyss-blue,319990,319990,319990,319990,319990,319990,319990,319990,299990,299990,299990,299990,299990,299990,299990,299990,299990,369990,369990
88321,Apple Watch 6 44mm (GPS Only / Sport Band / Pink Sand) [M00E3BE/A],Smartwatch,492212,719990,227778,-46,"Retina LTPO OLED 1,8"" táctil (368x448 px.)",M,Sí,Sí,"Bluetooth Low Energy (LE) 5.0
NFC
Wi-Fi",https://www.solotodo.cl/products/88321-apple-watch-6-44mm-gps-only-sport-band-pink-sand-m00e3bea,429990,429990,429990,429990,429990,429990,429990,429990,429990,429990,479990,479990,479990,479990,479990,719990,719990,719990,719990
126998,Apple Watch Series 7 45mm (GPS / Aluminium Case / Midnight Blue),Smartwatch,449990,,,,"Retina LTPO OLED 1.9"" táctil (396x484 px.)",M,Sí,Sí,"Bluetooth Low Energy (LE) 5.0
NFC
Wi-Fi",https://www.solotodo.cl/products/126998-apple-watch-series-7-45mm-gps-aluminium-case-midnight-blue,,,,,,,,,,,,,,,,449990,449990,449990,
125622,Apple Watch SE 44mm (GPS + Cellular / Sport Band / Space Gray / Midnight),Smartwatch,369990,,,,"Retina LTPO OLED 1,8"" táctil (368x448 px.)",M,Sí,Sí,"Bluetooth Low Energy (LE) 5.0
GSM
LTE
NFC
Wi-Fi",https://www.solotodo.cl/products/125622-apple-watch-se-44mm-gps-cellular-sport-band-space-gray-midnight,369990,369990,369990,369990,369990,369990,369990,369990,369990,369990,369990,369990,369990,369990,369990,369990,369990,369990,
126793,Apple Watch SE 44mm (GPS + Cellular / Sport Loop / Gold / Maize White),Smartwatch,369990,,,,"Retina LTPO OLED 1,8"" táctil (368x448 px.)",M,Sí,Sí,"Bluetooth Low Energy (LE) 5.0
GSM
LTE
NFC
Wi-Fi",https://www.solotodo.cl/products/126793-apple-watch-se-44mm-gps-cellular-sport-loop-gold-maize-white,,,,,,,,,,,,,,369990,369990,369990,369990,369990,
91430,Apple Watch SE Nike 44mm (GPS Only / Sport Band / Silver / Pure Platinum Black) [MYYH2BE/A],Smartwatch,341708,,,,"Retina LTPO OLED 1,8"" táctil (368x448 px.)",M,Sí,Sí,"Bluetooth Low Energy (LE) 5.0
NFC
Wi-Fi",https://www.solotodo.cl/products/91430-apple-watch-se-nike-44mm-gps-only-sport-band-silver-pure-platinum-black-myyh2bea,341940,339940,341940,341940,340970,340970,341940,341940,341940,341940,341940,341940,341940,341940,341940,341940,341940,,
127014,Apple Watch Series 7 41mm (GPS + Cellular / Aluminium Case / Starlight),Smartwatch,579990,,,,"Retina LTPO OLED 1,7"" táctil (352x430 px.)",M,Sí,Sí,"Bluetooth Low Energy (LE) 5.0
LTE
NFC
Wi-Fi",https://www.solotodo.cl/products/127014-apple-watch-series-7-41mm-gps-cellular-aluminium-case-starlight,,,,,,,,,,,,,,,,579990,,,
92779,Apple Watch SE Nike 40mm (GPS + Cellular / Sport Band / Silver / Pure Platinum Black),Smartwatch,339990,,,,"Retina LTPO OLED 1,6"" táctil (324x394 px.)",M,Sí,Sí,"Bluetooth Low Energy (LE) 5.0
GSM
LTE
NFC
Wi-Fi",https://www.solotodo.cl/products/92779-apple-watch-se-nike-40mm-gps-cellular-sport-band-silver-pure-platinum-black,349990,349990,349990,349990,349990,349990,349990,349990,349990,349990,319990,319990,319990,319990,319990,,,,
81859,Apple Watch 5 44mm LTE - Aluminium Space Gray (MWWE2CI/A),Smartwatch,469990,,,,"OLED 1,8"" táctil (368x448 px.)",M,Sí,Sí,"Bluetooth Low Energy (LE) 5.0
GSM
LTE
NFC
Wi-Fi",https://www.solotodo.cl/products/81859-apple-watch-5-44mm-lte-aluminium-space-gray-mwwe2cia,479990,479990,479990,479990,479990,479990,479990,479990,479990,479990,449990,449990,449990,449990,449990,,,,
84041,Apple Watch 3 38mm LTE - Aluminium Silver (MTGG2LL/A),Smartwatch,259990,,,,"OLED 1.5"" táctil (272x340 px.)",M,Sí,Sí,"Bluetooth Low Energy (LE) 4.2
LTE
NFC
Wi-Fi",https://www.solotodo.cl/products/84041-apple-watch-3-38mm-lte-aluminium-silver-mtgg2lla,249990,249990,249990,249990,249990,249990,249990,299990,299990,299990,249990,249990,249990,249990,249990,,,,
82910,Apple Watch 3 38mm LTE - Aluminium Space Gray (MTGP2CI/A),Smartwatch,259990,,,,"OLED 1.5"" táctil (272x340 px.)",M,Sí,Sí,"Bluetooth Low Energy (LE) 4.2
LTE
NFC
Wi-Fi",https://www.solotodo.cl/products/82910-apple-watch-3-38mm-lte-aluminium-space-gray-mtgp2cia,249990,249990,249990,249990,249990,249990,249990,299990,299990,299990,249990,249990,249990,249990,249990,,,,
81862,Apple Watch 5 40mm LTE - Aluminium Silver (MWX12CI/A),Smartwatch,499990,,,,"OLED 1,6"" táctil (324x394 px.)",M,Sí,Sí,"Bluetooth Low Energy (LE) 5.0
GSM
LTE
NFC
Wi-Fi",https://www.solotodo.cl/products/81862-apple-watch-5-40mm-lte-aluminium-silver-mwx12cia,499990,499990,499990,499990,499990,499990,499990,499990,499990,499990,499990,499990,499990,499990,499990,,,,
88377,Apple Watch SE 40mm (GPS Only / Sport Band / Pink Sand) [MYDN2BE/A],Smartwatch,301990,,,,"Retina LTPO OLED 1,6"" táctil (324x394 px.)",M,Sí,Sí,"Bluetooth Low Energy (LE) 5.0
NFC
Wi-Fi",https://www.solotodo.cl/products/88377-apple-watch-se-40mm-gps-only-sport-band-pink-sand-mydn2bea,289990,289990,289990,289990,289990,289990,309990,309990,309990,309990,309990,309990,309990,309990,309990,,,,
88373,Apple Watch SE 44mm (GPS + Cellular / Sport Band / Space Gray) [MYF02BE/A],Smartwatch,391419,,,,"Retina LTPO OLED 1,8"" táctil (368x448 px.)",M,Sí,Sí,"Bluetooth Low Energy (LE) 5.0
GSM
LTE
NFC
Wi-Fi",https://www.solotodo.cl/products/88373-apple-watch-se-44mm-gps-cellular-sport-band-space-gray-myf02bea,,,,,,,379990,379990,419990,419990,,379990,379990,379990,,,,,
88319,Apple Watch 6 44mm (GPS + Cellular / Sport Band / Blue) [M09A3BE/A],Smartwatch,585990,,,,"Retina LTPO OLED 1,8"" táctil (368x448 px.)",M,Sí,Sí,"Bluetooth Low Energy (LE) 5.0
NFC
Wi-Fi",https://www.solotodo.cl/products/88319-apple-watch-6-44mm-gps-cellular-sport-band-blue-m09a3bea,,,,,,,599990,599990,599990,599990,,,529990,,,,,,
88380,Apple Watch 6 44mm (GPS Only / Sport Band / Space Gray) [M00H3BE/A],Smartwatch,459990,,,,"Retina LTPO OLED 1,8"" táctil (368x448 px.)",M,Sí,Sí,"Bluetooth Low Energy (LE) 5.0
NFC
Wi-Fi",https://www.solotodo.cl/products/88380-apple-watch-6-44mm-gps-only-sport-band-space-gray-m00h3bea,,,,,,,,,,,459990,459990,459990,,,,,,
92166,Apple Watch 6 Nike 44mm (GPS Only / Sport Band / Space Gray / Anthracite Black) [MG173BE/A],Smartwatch,399990,,,,"Retina LTPO OLED 1,8"" táctil (368x448 px.)",M,Sí,Sí,"Bluetooth Low Energy (LE) 5.0
NFC
Wi-Fi",https://www.solotodo.cl/products/92166-apple-watch-6-nike-44mm-gps-only-sport-band-space-gray-anthracite-black-mg173bea,,,,,,,,,,,399990,399990,,,,,,,
88320,Apple Watch 6 44mm (GPS Only / Sport Band / Blue) [M00J3BE/A],Smartwatch,399990,,,,"Retina LTPO OLED 1,8"" táctil (368x448 px.)",M,Sí,Sí,"Bluetooth Low Energy (LE) 5.0
NFC
Wi-Fi",https://www.solotodo.cl/products/88320-apple-watch-6-44mm-gps-only-sport-band-blue-m00j3bea,399990,399990,399990,399990,399990,399990,399990,399990,399990,399990,399990,399990,,,,,,,
91426,Apple Watch 6 44mm (GPS + Cellular / Sport Band / Pink Sand) [MG2D3BE/A),Smartwatch,379990,,,,"Retina LTPO OLED 1,8"" táctil (368x448 px.)",M,Sí,Sí,"Bluetooth Low Energy (LE) 5.0
NFC
Wi-Fi",https://www.solotodo.cl/products/91426-apple-watch-6-44mm-gps-cellular-sport-band-pink-sand-mg2d3bea,379990,379990,379990,379990,379990,379990,379990,379990,379990,379990,379990,,,,,,,,
125591,Apple Watch SE 40mm (GPS + Cellular / Sport Loop / Gold / Maize),Smartwatch,339990,,,,"Retina LTPO OLED 1,6"" táctil (324x394 px.)",M,Sí,Sí,"Bluetooth Low Energy (LE) 5.0
GSM
LTE
NFC
Wi-Fi",https://www.solotodo.cl/products/125591-apple-watch-se-40mm-gps-cellular-sport-loop-gold-maize,339990,339990,339990,339990,339990,339990,339990,339990,339990,339990,339990,,,,,,,,
88375,Apple Watch SE 40mm (GPS + Cellular / Sport Band / Pink Sand) [MYEH2BE/A],Smartwatch,342750,,,,"Retina LTPO OLED 1,6"" táctil (324x394 px.)",M,Sí,Sí,"Bluetooth Low Energy (LE) 5.0
GSM
LTE
NFC
Wi-Fi",https://www.solotodo.cl/products/88375-apple-watch-se-40mm-gps-cellular-sport-band-pink-sand-myeh2bea,339990,339990,339990,339990,339990,339990,339990,349190,349190,349190,,,,,,,,,
91433,Apple Watch SE Nike 44mm (GPS Only / Sport Band / Space Gray / Anthracite Black),Smartwatch,349990,,,,"Retina LTPO OLED 1,8"" táctil (368x448 px.)",M,Sí,Sí,"Bluetooth Low Energy (LE) 5.0
NFC
Wi-Fi",https://www.solotodo.cl/products/91433-apple-watch-se-nike-44mm-gps-only-sport-band-space-gray-anthracite-black,349990,349990,349990,349990,,,,,,,,,,,,,,,
88376,Apple Watch SE 40mm (GPS Only / Sport Band / Space Gray) [MYDP2BE/A],Smartwatch,319990,,,,"Retina LTPO OLED 1,6"" táctil (324x394 px.)",M,Sí,Sí,"Bluetooth Low Energy (LE) 5.0
NFC
Wi-Fi",https://www.solotodo.cl/products/88376-apple-watch-se-40mm-gps-only-sport-band-space-gray-mydp2bea,319990,319990,319990,319990,319990,319990,,,,,,,,,,,,,
