id,name,price,today,diff price,diff percent,type,power,capacity,storage,url,15/12/21
76133,Samsung VR05R5050WK/ZS,,129990,,,Robot,Desconocido,0.2 L.,Canister (sin bolsa),https://www.solotodo.cl/products/76133-samsung-vr05r5050wkzs,129990
103688,Samsung POWERbot-e (VR05R5050WG/ZS),,169990,,,Robot,Desconocido,Desconocido,Canister (sin bolsa),https://www.solotodo.cl/products/103688-samsung-powerbot-e-vr05r5050wgzs,169990
32814,IRobot Braava Jet 240,,179990,,,Robot,Desconocido,0.5 L.,Canister (sin bolsa),https://www.solotodo.cl/products/32814-irobot-braava-jet-240,179990
32288,IRobot Braava 380,,189990,,,Robot,Desconocido,0.5 L.,Canister (sin bolsa),https://www.solotodo.cl/products/32288-irobot-braava-380,189990
17966,IRobot Roomba 620,,279990,,,Robot,Desconocido,0.5 L.,Canister (sin bolsa),https://www.solotodo.cl/products/17966-irobot-roomba-620,279990
40536,IRobot Roomba 960,,439990,,,Robot,Desconocido,Desconocido,Canister (sin bolsa),https://www.solotodo.cl/products/40536-irobot-roomba-960,439990
116468,Samsung VR30T85513W/ZS,,499990,,,Robot,Desconocido,2.5 L.,Canister (sin bolsa),https://www.solotodo.cl/products/116468-samsung-vr30t85513wzs,499990
116469,Samsung VR50T95735W/ZS,,799990,,,Robot,30 W.,2.5 L.,Canister (sin bolsa),https://www.solotodo.cl/products/116469-samsung-vr50t95735wzs,799990
