id,name,price,today,diff price,diff percent,url,processor,screen,ram,hard drive,08/12/21,09/12/21,12/12/21,13/12/21,14/12/21,15/12/21,16/12/21,17/12/21,18/12/21,19/12/21,20/12/21,21/12/21,22/12/21,23/12/21,24/12/21,27/12/21,28/12/21,29/12/21,30/12/21,31/12/21,02/01/22,03/01/22,04/01/22,05/01/22,06/01/22,07/01/22,08/01/22,09/01/22,10/01/22,11/01/22,12/01/22,13/01/22,14/01/22,15/01/22,16/01/22,17/01/22,18/01/22,19/01/22,20/01/22,21/01/22,24/01/22,25/01/22,26/01/22,27/01/22,28/01/22,29/01/22,31/01/22,01/02/22,02/02/22,03/02/22,04/02/22,05/02/22
102108,HP ProOne 400 G6 (200S5LT),992823,549990,-442833,45,https://www.solotodo.cl/products/102108-hp-proone-400-g6-200s5lt,Intel Core i5 10500 (3100 - 4500 MHz) (Six-Core),"23.8"" FullHD (1920x1080)",8 GB,SSD 512 GB,,,,,,,,,,,,,,,,,,,,1061892,1067926,1064140,1061892,1040290,1047590,1047590,1000582,1000582,1000582,1018344,1018344,1022727,1023090,1002750,1002750,1002123,996353,972190,972190,972190,968091,953190,953190,,,,,,,,549990,549990
59531,HP ProOne 400 G4 (5DV59LA),1213900,869900,-344000,28,https://www.solotodo.cl/products/59531-hp-proone-400-g4-5dv59la,Intel Core i5 8500 (3000 - 4100 MHz) (Six-Core),"20.0"" FullHD (1920x1080)",8 GB,SSD 256 GB,,,,,,,,,,,,,,,,,,,,,,,,,,,,,,,,,,,,,,,,,,,,,,,1299900,1299900,1299900,1299900,869900,869900
119855,ASUS Zen AiO A5401WRPT-WA024T (90PT0303-M01760),1570553,1336370,-234183,15,https://www.solotodo.cl/products/119855-asus-zen-aio-a5401wrpt-wa024t-90pt0303-m01760,Intel Core i7 10700T (2000 - 4500 MHz) (Octa-Core),"23.8"" FullHD (1920x1080)",8 GB,SSD 512 GB,,,,,,,,,,,,,,,,,,,,,,,,,,,1982080,1982080,1982080,1965664,1963840,1968096,1954112,1942560,1942560,1942560,1447040,1459200,1457376,1368000,1354600,1225590,1225590,1225590,1225590,1225590,1225590,1225590,1324290,1324290,1324270,1336370
119794,Lenovo V50a-24IMB (i5-10400T / 8GB / 512GB SSD / W10P),1142029,989900,-152129,13,https://www.solotodo.cl/products/119794-lenovo-v50a-24imb-i5-10400t-8gb-512gb-ssd-w10p,Intel Core i5 10400T (2000 - 3600 MHz) (Six-Core),"23.8"" FullHD (1920x1080)",8 GB,SSD 512 GB,929990,929990,1549990,929990,929990,929990,929990,929990,929990,929990,1549990,929990,929990,929990,929990,929990,1549990,1549990,1549990,1329990,1329990,1549990,1549990,999990,999990,999990,999990,999990,1549990,999990,999990,999990,999990,1549990,1549990,1549990,999990,999990,999990,999990,1549990,,,,,,,,989900,989900,989900,989900
114452,"Apple iMac Retina 4.5K 24"" (MGTF3CI/A)",1239214,1099990,-139224,11,https://www.solotodo.cl/products/114452-apple-imac-retina-45k-24-mgtf3cia,Apple M-Series M1 (3200 - 3200 MHz) (Octa-Core),"23.5"" 4.5K Retina Display (4480x2520)",8 GB,SSD 256 GB,1129990,1129990,1129990,1129990,1129990,1129990,1129990,1129990,1149990,1149990,1149990,1260030,1260030,1149990,1260030,1260030,1260030,1260030,1260030,1260030,1260030,1260030,1260030,1199990,1199990,1199990,1199990,1199990,1199990,1199990,1199990,1299990,1299990,1469990,1469990,1469990,1469990,1469990,1469990,1469990,1469990,1469990,1469990,1099990,1099990,1099990,1099990,1099990,1099990,1099990,1099990,1099990
94144,"Apple iMac Retina 4K 21.5"" (MHK33CI/A)",1546368,1399990,-146378,9,https://www.solotodo.cl/products/94144-apple-imac-retina-4k-215-mhk33cia,Intel Core i5 8500 (3000 - 4100 MHz) (Six-Core),"21.5"" Retina 4K Display (4096x2304)",8 GB,SSD 256 GB,1599990,1599990,1510169,1510169,1513459,1524166,1515479,1510169,1552340,1513705,1513705,1513655,1513705,1513705,1480686,1557940,1556190,1557940,1547090,1547040,1581307,1581257,1581257,1570218,1562299,1562250,1547883,1513312,1513312,1540175,1540120,1540120,1545020,1547000,1547000,1549970,1538472,1538450,1582970,1551772,1599990,1583990,1583970,1591970,1546579,1546560,1542936,1544604,1543690,1547510,1547510,1399990
88575,"Apple iMac 21.5"" (MHK03CI/A)",954696,879990,-74706,8,https://www.solotodo.cl/products/88575-apple-imac-215-mhk03cia,Intel Core i5 7360U (2300 - 3600 MHz) (Dual-core),"21.5"" FullHD (1920x1080)",8 GB,SSD 256 GB,949990,949990,949990,949990,949990,949990,949990,999990,979990,979990,979990,979990,979990,979990,979990,979990,979990,979990,979990,979990,979990,979990,979990,949990,949990,949990,949990,949990,949990,949990,949990,949990,949990,949990,949990,949990,949990,949990,929990,929990,929990,929990,929990,929990,929990,929990,929990,929990,929990,929990,929990,879990
130645,Lenovo IdeaCentre AIO 3 24ITL6 (F0G000UECL),880252,819990,-60262,7,https://www.solotodo.cl/products/130645-lenovo-ideacentre-aio-3-24itl6-f0g000uecl,Intel Core i5 1135G7 (2400 - 4200 MHz) (Quad-core),"23.8"" FullHD (1920x1080)",16 GB,SSD 512 GB,,,,,,,,,,,,,,,,,,,,,,,,,,,,,,,,,,,,,,,,,,,,902090,899990,899990,899990,899990,899990,819990,819990,819990
93991,"Apple iMac Retina 5K 27"" (MXWT2CI/A)",1539206,1449990,-89216,6,https://www.solotodo.cl/products/93991-apple-imac-retina-5k-27-mxwt2cia,Intel Core i5 10500 (3100 - 4500 MHz) (Six-Core),"27.0"" 5K Retina Display (5120x2880)",8 GB,SSD 256 GB,1599990,1599990,1599990,1599990,1599990,1599990,1599990,1599990,1599990,1599990,1599990,1599990,1599990,1599990,1599990,1599990,1599990,1599990,1599990,1599990,1499990,1499990,1499990,1499990,1499990,1499990,1499990,1499990,1499990,1499990,1499990,1499990,1499990,1499990,1499990,1499990,1499990,1499990,1499990,1499990,1499990,1499990,1499990,1499990,1499990,1499990,1499990,1499990,1499990,1499990,1499990,1449990
101276,ASUS Vivo V241EAK-BA015T (90PT02T2-M00590),799734,759990,-39744,5,https://www.solotodo.cl/products/101276-asus-vivo-v241eak-ba015t-90pt02t2-m00590,Intel Core i5 1135G7 (2400 - 4200 MHz) (Quad-core),"23.8"" FullHD (1920x1080)",8 GB,"HDD 1000 GB
SSD 256 GB",,,,,,,,,,,,,872990,872990,872990,872990,872990,872990,872990,872990,779990,779990,779990,779990,779990,779990,779990,779990,779990,779990,779990,779990,779990,779990,779990,779990,779990,779990,779990,779990,779990,872990,872990,759990,759990,759990,759990,759990,759990,759990,759990,759990
111638,HP 200 G4 (325A7LA),778840,741250,-37590,5,https://www.solotodo.cl/products/111638-hp-200-g4-325a7la,Intel Core i5 10210U (1600 - 2400 MHz) (Quad-core),"21.5"" HD (1366x768)",8 GB,SSD 256 GB,791845,791845,768090,768090,768090,768090,768090,768090,768090,768090,768090,768090,800588,800588,800588,800588,800588,838164,838164,837926,834065,834065,829932,828692,828454,824000,790210,790210,790210,769990,769990,769990,769990,769990,769990,769990,769990,769990,749990,749990,746833,741250,741250,741250,741250,741250,741250,741250,741250,741250,741250,741250
105494,Lenovo Ideacentre AIO 3 24IIL5 (F0FR005DCL),818774,779990,-38784,5,https://www.solotodo.cl/products/105494-lenovo-ideacentre-aio-3-24iil5-f0fr005dcl,Intel Core i7 1065G7 (1300 - 3900 MHz) (Quad-core),"23.8"" FullHD (1920x1080)",8 GB,SSD 512 GB,819990,819990,829990,829990,779990,779990,779990,779990,819990,819990,819990,819990,819990,819990,819990,872990,819990,819990,819990,819990,859990,872990,872990,872990,849990,849990,849990,849990,849990,849990,849990,849990,819990,819990,819990,819990,872990,872990,779990,779990,779990,779990,779990,779990,779990,779990,779990,779990,779990,779990,779990,779990
113188,Lenovo V50a-24IMB (11FJ00DKCS),1237897,1179990,-57907,5,https://www.solotodo.cl/products/113188-lenovo-v50a-24imb-11fj00dkcs,Intel Core i5 10700T (2000 - 4500 MHz) (Octa-Core),"23.8"" FullHD (1920x1080)",8 GB,SSD 512 GB,,,,,1165592,1165592,1165592,1165592,1165592,1165592,1165592,1165592,1165592,1165592,1165592,1299990,1299990,1299990,1299990,1299990,1299990,1299990,1299990,1299990,1299990,1299990,1299990,1299990,1299990,1299990,1299990,1299990,1299990,1299990,1299990,1299990,1299990,1299990,1299990,1179990,1179990,1179990,1179990,1179990,1179990,1179990,1179990,1179990,1179990,1179990,1179990,1179990
123184,HP 200 G4 (243G3LA),721810,689991,-31819,4,https://www.solotodo.cl/products/123184-hp-200-g4-243g3la,Intel Core i5 10210U (1600 - 2400 MHz) (Quad-core),"21.5"" FullHD (1920x1080)",8 GB,HDD 1000 GB,689991,689991,689991,689991,689991,689991,689991,689991,689991,689991,689991,689991,689991,689991,689991,689991,689991,689991,689991,689991,689991,689991,689991,689991,689991,799990,799990,799990,799990,799990,689991,689991,689991,689991,689991,689991,689991,689991,799990,771860,753500,782990,782970,766590,772590,755650,769060,769890,763780,763780,789990,689991
125597,ASUS Zen AiO M5401WUAK-BA118T,972735,929990,-42745,4,https://www.solotodo.cl/products/125597-asus-zen-aio-m5401wuak-ba118t,AMD Ryzen 7 5700U (1800 - 4300 MHz) (Octa-Core),"23.8"" FullHD (1920x1080)",8 GB,"HDD 1000 GB
SSD 256 GB",1149990,1149990,1149990,1149990,1149990,1149990,1149990,949990,949990,949990,949990,949990,949990,949990,949990,949990,949990,949990,949990,949990,949990,949990,949990,949990,949990,949990,949990,949990,949990,949990,949990,949990,949990,949990,949990,949990,949990,949990,949990,929990,929990,929990,929990,929990,929990,929990,929990,929990,929990,929990,929990,929990
69297,Apple iMac 21.5'' Retina (MK442LL/A),561528,539990,-21538,4,https://www.solotodo.cl/products/69297-apple-imac-215-retina-mk442lla,Intel Core i5 5675R (3100 - 3600 MHz) (Quad-core),"21.5"" FullHD (1920x1080)",8 GB,HDD 1000 GB,,,,,,,,,,,,,599990,599990,599990,599990,599990,599990,599990,599990,599990,599990,599990,599990,599990,599990,599990,599990,599990,599990,539990,539990,539990,539990,539990,539990,539990,539990,539990,509990,509990,509990,509990,509990,509990,509990,509990,539990,539990,539990,539990,539990
114159,ASUS Zen AiO A5401WRPK-BA006T (90PT0301-M00350),1431267,1379990,-51277,4,https://www.solotodo.cl/products/114159-asus-zen-aio-a5401wrpk-ba006t-90pt0301-m00350,Intel Core i7 10700T (2000 - 4500 MHz) (Octa-Core),"23.8"" FullHD (1920x1080)",8 GB,"HDD 1000 GB
SSD 256 GB",1399990,1399990,1399990,1399990,1399990,1399990,1454990,1454990,,,,,1551990,1551990,1551990,1551990,1551990,1551990,1551990,1551990,1399990,1399990,1399990,1399990,1399990,1399990,1399990,1399990,1399990,1399990,1399990,1399990,1399990,1399990,1399990,1399990,1399990,1399990,1399990,1399990,1399990,1551990,1551990,1379990,1379990,1379990,1379990,1379990,1379990,1379990,1379990,1379990
119633,ASUS Zen AiO M5401WUAT-BA022T,889990,859990,-30000,3,https://www.solotodo.cl/products/119633-asus-zen-aio-m5401wuat-ba022t,AMD Ryzen 7 5700U (1800 - 4300 MHz) (Octa-Core),"23.8"" Táctil FullHD (1920x1080)",8 GB,"HDD 1000 GB
SSD 256 GB",899990,899990,899990,899990,899990,899990,899990,899990,899990,899990,899990,899990,899990,899990,899990,899990,899990,899990,899990,899990,899990,899990,899990,899990,899990,899990,899990,899990,899990,899990,899990,899990,899990,899990,899990,899990,,899990,899990,859990,859990,859990,859990,859990,859990,859990,859990,859990,839990,859990,859990,859990
97207,ASUS Vivo V241EAK-BA073T (90PT02T2-M04550),765503,739990,-25513,3,https://www.solotodo.cl/products/97207-asus-vivo-v241eak-ba073t-90pt02t2-m04550,Intel Core i5 1135G7 (2400 - 4200 MHz) (Quad-core),"23.8"" FullHD (1920x1080)",8 GB,SSD 256 GB,,,,,,,,,,,,,824490,824490,824490,824490,824490,824490,824490,824490,749990,749990,749990,749990,749990,749990,749990,749990,749990,749990,749990,749990,749990,749990,749990,739990,739990,739990,739990,739990,739990,824490,824490,739990,739990,739990,739990,739990,739990,739990,739990,739990
126694,HP ProOne 400 G6 (43D09LS),993145,961030,-32115,3,https://www.solotodo.cl/products/126694-hp-proone-400-g6-43d09ls,Intel Core i5 10500 (3100 - 4500 MHz) (Six-Core),"23.8"" FullHD (1920x1080)",8 GB,SSD 512 GB,997710,997710,995541,995541,997710,1080416,995541,995541,1043940,995541,995541,995541,995541,995541,995541,1047440,1047440,1042640,1037555,1037505,1037555,1037505,1028094,1024101,1023590,1023540,968842,968842,968842,986041,985990,985990,990300,972161,972140,1001990,1000768,1000530,1000510,960600,937736,931390,952840,954010,953772,944910,957110,949467,950540,950540,944690,961030
102151,Dell OPTIPLEX 3280 (R5RPD),977969,948106,-29863,3,https://www.solotodo.cl/products/102151-dell-optiplex-3280-r5rpd,Intel Core i5 10500T (2300 - 3800 MHz) (Six-Core),"21.5"" FullHD (1920x1080)",8 GB,HDD 1000 GB,,,,,,,,,,,,,,,,,,1432869,1286658,,996882,996882,991250,991250,991250,991250,951826,951826,951826,968722,968722,954862,,,937321,935713,930358,,,938402,938402,913558,,915442,912520,925241,922826,923824,916491,918679,928281,948106
125567,ASUS ExpertCenter E5 (90PT0371-M00580),1262894,1224470,-38424,3,https://www.solotodo.cl/products/125567-asus-expertcenter-e5-90pt0371-m00580,Intel Core i7 1165G7 (2800 - 4700 MHz) (Quad-core),"23.8"" FullHD (1920x1080)",8 GB,SSD 512 GB,1316928,1316928,1315104,1315104,1327872,1318752,1323008,1327872,1329088,1329088,1329088,1324832,,,,,,1343680,1338816,1329696,1321792,1178969,1178919,1178919,1176990,1176940,1145901,1172990,1234468,1256382,1256330,1256330,1261830,1246880,1238696,1238680,1229495,1210390,1274990,,,,,,,1250048,1219489,1220790,1221505,1257714,1224487,1224470
116907,ASUS Vivo V272UAK-BA177T (90PT0251-M04380),761884,739990,-21894,3,https://www.solotodo.cl/products/116907-asus-vivo-v272uak-ba177t-90pt0251-m04380,Intel Core i5 8250U (1600 - 3400 MHz) (Quad-core),"27.0"" FullHD (1920x1080)",8 GB,"HDD 1000 GB
SSD 128 GB",729990,729990,729990,729990,729990,729990,779990,779990,779990,779990,779990,779990,779990,779990,779990,779990,779990,779990,779990,779990,759990,759990,759990,759990,759990,759990,759990,759990,759990,759990,759990,759990,759990,759990,759990,749990,749990,749990,749990,749990,749990,824490,824490,739990,739990,,,,,739990,739990,739990
97208,"Apple iMac Retina 5K 27"" (MXWU2CI/A)",1837245,1799990,-37255,2,https://www.solotodo.cl/products/97208-apple-imac-retina-5k-27-mxwu2cia,Intel Core i5 10500 (3100 - 4500 MHz) (Six-Core),"27.0"" 5K Retina Display (5120x2880)",8 GB,SSD 512 GB,1849990,1849990,1849990,1849990,1849990,1849990,1849990,1849990,1849990,1849990,1849990,1849990,1849990,1849990,1849990,1849990,1849990,1849990,1849990,1849990,1849990,1849990,1849990,1849990,1849990,1849990,1849990,1849990,1849990,1849990,1849990,1849990,1849990,1799990,1799990,1799990,1799990,1799990,1799990,1799990,1799990,1849990,1799990,1799990,1799990,1799990,1799990,1849990,1849990,1849990,1849990,1799990
62094,"Apple iMac Retina 4K 21.5"" (MRT42CI/A)",1490186,1469990,-20196,1,https://www.solotodo.cl/products/62094-apple-imac-retina-4k-215-mrt42cia,Intel Core i5 8500 (3000 - 4100 MHz) (Six-Core),"21.5"" Retina 4K Display (4096x2304)",8 GB,HDD 1000 GB,1469990,1469990,1469990,1469990,1469990,1469990,1469990,1469990,1469990,1469990,1469990,1469990,1469990,1469990,1469990,1469990,1469990,1469990,1469990,1599990,1519990,1519990,1519990,1519990,1519990,1519990,1519990,1519990,1519990,1519990,1519990,1519990,1519990,1519990,1519990,1519990,1519990,1519990,1469990,1469990,1469990,1469990,1469990,1469990,1469990,1469990,1469990,1469990,1469990,1469990,1469990,1469990
85481,HP Pavilion 24-K0001LA (7WS93AA),1060774,1049990,-10784,1,https://www.solotodo.cl/products/85481-hp-pavilion-24-k0001la-7ws93aa,Intel Core i5 10400T (2000 - 3600 MHz) (Six-Core),"23.8"" Táctil FullHD (1920x1080)",8 GB,"HDD 1000 GB
SSD 256 GB",1099990,1099990,1099990,1099990,1099990,1099990,1099990,1099990,1099990,1099990,1099990,1099990,1099990,1099990,1099990,1099990,1099990,1099990,1049990,1049990,1049990,1049990,1049990,1049990,1049990,1049990,1049990,1049990,1049990,1049990,1049990,1049990,1049990,1049990,1049990,1049990,1049990,699990,1049990,1049990,1049990,1049990,1049990,1049990,1049990,1049990,1049990,1049990,1049990,1049990,1049990,1049990
106839,Lenovo V50a-24IMB (11FJ00DHCS),929866,921490,-8376,1,https://www.solotodo.cl/products/106839-lenovo-v50a-24imb-11fj00dhcs,Intel Core i5 10400T (2000 - 3600 MHz) (Six-Core),"23.8"" FullHD (1920x1080)",8 GB,SSD 256 GB,921490,921490,921490,921490,921490,921490,921490,921490,921490,921490,921490,921490,921490,921490,921490,921490,921490,921490,921490,921490,921490,921490,921490,921490,921490,921490,921490,921490,921490,921490,921490,921490,921490,921490,921490,921490,921490,921490,921490,921490,921490,921490,921490,921490,921490,1023264,1023264,1037248,1029344,921490,921490,921490
114451,"Apple iMac Retina 4.5K 24"" (MJVA3CI/A)",1240596,1229990,-10606,1,https://www.solotodo.cl/products/114451-apple-imac-retina-45k-24-mjva3cia,Apple M-Series M1 (3200 - 3200 MHz) (Octa-Core),"23.5"" 4.5K Retina Display (4480x2520)",8 GB,SSD 256 GB,1260030,1260030,1260030,1260030,1260030,1256190,1260030,1260030,1260030,1260030,1260030,1260030,1256190,1249990,1249990,1249990,1249990,1249990,1249990,1199990,1199990,1199990,1229990,1229990,1229990,1249990,1249990,1249990,1249990,1229990,1229990,1229990,1229990,1229990,1229990,1229990,1249999,1216890,1216890,1216890,1249999,1216890,1216890,1216890,1216890,1249999,1249999,1249999,1249999,1249999,1229690,1229990
70364,HP ProOne 400 G5 (8QV18LA),937434,930319,-7115,1,https://www.solotodo.cl/products/70364-hp-proone-400-g5-8qv18la,Intel Core i5 9500 (3000 - 4400 MHz) (Six-Core),"23.8"" FullHD (1920x1080)",8 GB,HDD 1000 GB,939063,939063,937022,937022,939063,939063,937022,937022,959478,937022,937022,937022,937022,937022,937022,959478,979940,979940,979940,979940,979940,979940,979940,973490,973440,979940,945477,945430,945430,945430,957390,948493,948440,931050,931050,929471,924153,909790,909790,909790,919990,891990,891990,891990,891990,891990,891990,891990,913690,913690,904790,930319
115210,ASUS Zen AiO A5401WRPK-WA011T,906461,899990,-6471,1,https://www.solotodo.cl/products/115210-asus-zen-aio-a5401wrpk-wa011t,Intel Core i5 10500T (2300 - 3800 MHz) (Six-Core),"23.8"" FullHD (1920x1080)",8 GB,"HDD 1000 GB
SSD 256 GB",929990,929990,929990,929990,929990,929990,929990,929990,929990,929990,929990,919990,919990,919990,919990,919990,919990,919990,919990,919990,919990,919990,919990,879990,879990,879990,879990,879990,879990,879990,879990,879990,879990,879990,879990,879990,879990,879990,919990,899990,899990,899990,899990,899990,899990,899990,919990,899990,919990,899990,899990,899990
113337,"Apple iMac Retina 4.5K 24"" (MGPK3CI/A)",1478961,1469990,-8971,1,https://www.solotodo.cl/products/113337-apple-imac-retina-45k-24-mgpk3cia,Apple M-Series M1 (3200 - 3200 MHz) (Octa-Core),"23.5"" 4.5K Retina Display (4480x2520)",8 GB,SSD 256 GB,1454990,1454990,1454990,1454990,1454990,1454990,1454990,1454990,1454990,1454990,1454990,1454990,1454990,1454990,1454990,1469990,1469990,1469990,1469990,1469990,1476890,1476890,1476890,1476890,1476890,1495990,1499990,1499990,1499990,1499990,1499990,1499990,1499990,1499990,1499990,1499990,1499990,1495990,1495990,1499990,1499990,1499990,1499990,1499990,1499990,1499990,1499990,1469990,1469990,1469990,1469990,1469990
113336,"Apple iMac Retina 4.5K 24"" (MGPH3CI/A)",1485304,1479990,-5314,0,https://www.solotodo.cl/products/113336-apple-imac-retina-45k-24-mgph3cia,Apple M-Series M1 (3200 - 3200 MHz) (Octa-Core),"23.5"" 4.5K Retina Display (4480x2520)",8 GB,SSD 256 GB,1454990,1454990,1454990,1454990,1454990,1454990,1454990,1454990,1454990,1454990,1454990,1454990,1454990,1454990,1454990,1469990,1469990,1469990,1469990,1469990,1551990,1551990,1551990,1499990,1499990,1499990,1499990,1499990,1499990,1499990,1499990,1499990,1499990,1499990,1499990,1499990,1499990,1499990,1499990,1499990,1499990,1499990,1499990,1499990,1499990,1499990,1499990,1479990,1479990,1479990,1479990,1479990
115603,"Apple iMac Retina 4.5K 24"" (MGPD3CI/A)",1703458,1699990,-3468,0,https://www.solotodo.cl/products/115603-apple-imac-retina-45k-24-mgpd3cia,Apple M-Series M1 (3200 - 3200 MHz) (Octa-Core),"23.5"" 4.5K Retina Display (4480x2520)",8 GB,SSD 512 GB,1699990,1699990,1749990,1749990,1749990,1749990,1749990,,,,,1699990,1699990,1699990,1699990,1699990,1699990,1699990,1699990,1699990,1699990,1699990,1699990,1699990,1699990,1699990,1699990,1699990,1699990,1699990,1699990,1699990,1699990,1699990,1699990,1699990,1699990,1616190,1616190,1616190,1732192,1732192,1749990,1749990,1699990,1699990,1699990,1699990,1699990,1699990,1699990,1699990
129481,Dell OPTIPLEX 3280 (G8C0Y),999960,999960,0,0,https://www.solotodo.cl/products/129481-dell-optiplex-3280-g8c0y,Intel Core i5 10500T (2300 - 3800 MHz) (Six-Core),"21.5"" FullHD (1920x1080)",8 GB,HDD 1000 GB,,,,,,,,,,,,,,,,,,,,,,,,,,,,,,,,,,,,,,,,,,,,,,,999960,999960,999960,999960,999960,999960
120979,HP ProOne 400 G5 (i5-9500T / 8GB / 512GB SSD),899990,899990,0,0,https://www.solotodo.cl/products/120979-hp-proone-400-g5-i5-9500t-8gb-512gb-ssd,Intel Core i5 9500T (2200 - 3700 MHz) (Six-Core),"23.8"" FullHD (1920x1080)",8 GB,SSD 512 GB,899990,899990,899990,899990,899990,899990,899990,899990,899990,899990,899990,899990,899990,899990,899990,899990,899990,899990,899990,899990,899990,899990,899990,899990,899990,899990,899990,899990,899990,899990,899990,899990,899990,899990,899990,899990,899990,899990,899990,899990,899990,899990,899990,899990,899990,899990,899990,899990,899990,899990,899990,899990
104553,HP ProOne 600 G2 (P5W42LT),249990,249990,0,0,https://www.solotodo.cl/products/104553-hp-proone-600-g2-p5w42lt,Intel Core i5 6500 (3200 - 3600 MHz) (Quad-core),"21.5"" FullHD (1920x1080)",8 GB,HDD 1000 GB,,,,,,,,,,,,,,,,,,,,,,,,,,,,,,,,,,,,,,,,,,,,,,,,249990,249990,249990,249990,249990
46544,"Apple iMac Retina 21.5"" (MMQA2CI/A)",999990,999990,0,0,https://www.solotodo.cl/products/46544-apple-imac-retina-215-mmqa2cia,Intel Core i5 7360U (2300 - 3600 MHz) (Dual-core),"21.5"" FullHD (1920x1080)",8 GB,HDD 1000 GB,,,,,,,,,,,,,,,,,,,,,,,,,,,,,,,,,,,,,,,,,,,,,999990,999990,999990,999990,999990,999990,999990,999990
116904,"Apple iMac Retina 4.5K 24"" (MGPJ3CI/A)",1799990,1799990,0,0,https://www.solotodo.cl/products/116904-apple-imac-retina-45k-24-mgpj3cia,Apple M-Series M1 (3200 - 3200 MHz) (Octa-Core),"23.5"" 4.5K Retina Display (4480x2520)",8 GB,SSD 512 GB,,,,,,,,,,,,1799990,1799990,,,,,,,,,,,,,,,,,,,,1799990,1799990,1799990,1799990,1799990,1799990,1799990,1799990,1799990,1799990,1799990,1799990,1799990,1799990,1799990,1799990,1799990,1799990,1799990,1799990
56918,Lenovo V530 (10UW000NCS),1006990,1006990,0,0,https://www.solotodo.cl/products/56918-lenovo-v530-10uw000ncs,Intel Core i5 8400T (1700 - 3300 MHz) (Six-Core),"23.8"" FullHD (1920x1080)",8 GB,HDD 1000 GB,,,,,,,,,,,,,,,,,1006990,1006990,1006990,1006990,1006990,1006990,1006990,1006990,1006990,1006990,1006990,1006990,1006990,1006990,1006990,1006990,1006990,1006990,1006990,1006990,1006990,1006990,1006990,1006990,1006990,1006990,1006990,1006990,1006990,1006990,1006990,1006990,1006990,1006990,1006990,1006990
117665,"Apple iMac 27"" Mid 2015 8GB 1TB HHD (MF885LL/A)",1049990,1049990,0,0,https://www.solotodo.cl/products/117665-apple-imac-27-mid-2015-8gb-1tb-hhd-mf885lla,Intel Core i5 4590 (3300 - 3700 MHz) (Quad-core),"27.0"" 5K Retina Display (5120x2880)",8 GB,HDD 1000 GB,1049990,1049990,1049990,1049990,1049990,1049990,1049990,1049990,1049990,1049990,1049990,1049990,1049990,1049990,1049990,1049990,1049990,1049990,1049990,1049990,1049990,1049990,1049990,1049990,1049990,1049990,1049990,1049990,1049990,1049990,1049990,1049990,1049990,1049990,1049990,1049990,1049990,1049990,1049990,1049990,1049990,1049990,1049990,1049990,1049990,1049990,1049990,1049990,1049990,1049990,1049990,1049990
105495,"Apple iMac 27"" 8GB RAM 1TB HDD (ME088LL/A)",699990,699990,0,0,https://www.solotodo.cl/products/105495-apple-imac-27-8gb-ram-1tb-hdd-me088lla,Intel Core i5 4570 (3200 - 3600 MHz) (Quad-core),"27.0"" QHD (2560x1440)",8 GB,HDD 1000 GB,699990,699990,699990,699990,699990,699990,699990,699990,699990,699990,699990,699990,699990,699990,699990,699990,699990,699990,699990,699990,699990,699990,699990,699990,699990,699990,699990,699990,699990,699990,699990,699990,699990,699990,699990,699990,699990,699990,699990,699990,699990,699990,699990,699990,699990,699990,699990,699990,699990,699990,699990,699990
119418,"Apple iMac Retina 21.5"" (500GB) (MMQA2LL/A)",849990,849990,0,0,https://www.solotodo.cl/products/119418-apple-imac-retina-215-500gb-mmqa2lla,Intel Core i5 7360U (2300 - 3600 MHz) (Dual-core),"21.5"" FullHD (1920x1080)",8 GB,HDD 500 GB,849990,849990,849990,849990,849990,849990,849990,849990,849990,849990,849990,849990,849990,849990,849990,849990,849990,849990,849990,849990,849990,849990,849990,849990,849990,849990,849990,849990,849990,849990,849990,849990,849990,849990,849990,849990,849990,849990,849990,849990,849990,849990,849990,849990,849990,849990,849990,849990,849990,849990,849990,849990
122538,Dell OptiPlex 9030 (i5-4590S / 8GB / 500GB),629900,629900,0,0,https://www.solotodo.cl/products/122538-dell-optiplex-9030-i5-4590s-8gb-500gb,Intel Core i5 4590S (3000 - 3700 MHz) (Quad-core),"23.8"" Táctil FullHD (1920x1080)",8 GB,HDD 500 GB,629900,629900,629900,629900,629900,629900,629900,629900,629900,629900,629900,629900,629900,629900,629900,629900,629900,,,,,,,,,,,,,,,,,,,,,,,629900,629900,629900,629900,629900,629900,629900,629900,629900,629900,629900,629900,629900
114772,"Apple iMac Retina 4.5K 24"" (MGPC3CI/A)",1396068,1399990,3922,-0,https://www.solotodo.cl/products/114772-apple-imac-retina-45k-24-mgpc3cia,Apple M-Series M1 (3200 - 3200 MHz) (Octa-Core),"23.5"" 4.5K Retina Display (4480x2520)",8 GB,SSD 256 GB,1299990,1299990,1399990,1399990,1399990,1399990,1399990,1399990,1399990,1399990,1399990,1399990,1399990,1399990,1399990,1399990,1399990,1399990,1399990,1399990,1399990,1399990,1399990,1399990,1399990,1399990,1399990,1399990,1399990,1399990,1399990,1399990,1399990,1399990,1399990,1399990,1399990,1399990,1399990,1399990,1399990,1399990,1399990,1399990,1399990,1399990,1399990,1399990,1399990,1399990,1399990,1399990
113907,"Apple iMac Retina 4.5K 24"" (MJV83CI/A)",1256470,1260030,3560,-0,https://www.solotodo.cl/products/113907-apple-imac-retina-45k-24-mjv83cia,Apple M-Series M1 (3200 - 3200 MHz) (Octa-Core),"23.5"" 4.5K Retina Display (4480x2520)",8 GB,SSD 256 GB,,,,,,,,,1149990,1149990,,,,,,,,,,,,,,,,,,,,,,,,1304160,1304160,1304160,1260030,1260030,1260030,1260030,1260030,1260030,1260030,1260030,1260030,1304160,1304160,1099990,1304160,1304160,1260030,1260030
120437,Lenovo Ideacentre AIO 3 24IIL5 (F0FR008FCL),673519,679990,6471,-1,https://www.solotodo.cl/products/120437-lenovo-ideacentre-aio-3-24iil5-f0fr008fcl,Intel Core i5 1035G4 (1100 - 3700 MHz) (Quad-core),"23.8"" Táctil FullHD (1920x1080)",8 GB,"HDD 1000 GB
SSD 128 GB",669990,669990,669990,669990,669990,669990,669990,669990,669990,669990,669990,669990,669990,669990,669990,669990,669990,669990,669990,669990,669990,669990,669990,669990,669990,669990,669990,669990,669990,669990,669990,669990,669990,679990,679990,679990,679990,679990,679990,679990,679990,679990,679990,679990,679990,679990,679990,679990,679990,679990,679990,679990
56416,Lenovo V530 (10UW000PCS),2391641,2417869,26228,-1,https://www.solotodo.cl/products/56416-lenovo-v530-10uw000pcs,Intel Core i7 8700 (3200 - 4600 MHz) (Six-Core),"23.8"" FullHD (1920x1080)",8 GB,HDD 1000 GB,2292488,2292488,2287504,2287504,2292488,2292488,2287504,2287504,2342324,2287504,2287504,2287504,2287504,2287504,2287504,2342324,2441997,2571590,2559045,2559045,2571590,2571590,2559045,2529990,2547790,2547790,2457264,2457264,2457264,2500885,2488290,2465103,2488290,2419820,2419820,2415667,2401844,2364390,2364390,2364390,2391078,2318290,2318290,2318290,2318290,2318290,2318290,2318290,2374690,2374690,2351390,2417869
96616,Dell 5400 (IO5400_i5T121256SW10s_521),1004549,1018490,13941,-1,https://www.solotodo.cl/products/96616-dell-5400-io5400_i5t121256sw10s_521,Intel Core i5 1135G7 (2400 - 4200 MHz) (Quad-core),"23.0"" FullHD (1920x1080)",12 GB,"HDD 1000 GB
SSD 256 GB",899990,899990,899990,899990,899990,899990,1018490,1018490,1018490,1018490,1018490,1018490,1018490,1018490,1018490,1018490,1018490,1018490,1018490,1018490,1018490,1018490,1018490,1018490,1018490,1018490,1018490,1018490,1018490,1018490,1018490,1018490,1018490,1018490,1018490,1018490,1018490,1018490,1018490,1018490,1018490,1018490,1018490,1018490,1018490,1018490,1018490,1018490,1018490,1018490,1018490,1018490
121982,Lenovo Ideacentre AIO 5 24IMB05 (F0FB008NCL),859228,872990,13762,-2,https://www.solotodo.cl/products/121982-lenovo-ideacentre-aio-5-24imb05-f0fb008ncl,Intel Core i5 10400T (2000 - 3600 MHz) (Six-Core),"23.8"" FullHD (1920x1080)",12 GB,SSD 512 GB,805090,805090,872990,872990,872990,872990,872990,872990,872990,872990,872990,872990,872990,872990,872990,872990,872990,872990,872990,872990,872990,872990,872990,872990,872990,872990,872990,872990,872990,872990,872990,872990,872990,872990,872990,872990,872990,872990,799990,799990,799990,799990,799990,799990,799990,,,,,872990,872990,872990
111513,ASUS ExpertCenter E2 E241EAK-BA059R (90PT02T2-M06020),930657,949990,19333,-2,https://www.solotodo.cl/products/111513-asus-expertcenter-e2-e241eak-ba059r-90pt02t2-m06020,Intel Core i5 1135G7 (2400 - 4200 MHz) (Quad-core),"23.8"" FullHD (1920x1080)",8 GB,SSD 256 GB,959990,959990,959990,959990,895992,895992,895992,895992,895992,895992,895992,895992,895992,895992,895992,895992,895992,895992,895992,895992,895992,895992,895992,949990,949990,949990,949990,949990,949990,949990,949990,949990,949990,949990,949990,949990,949990,949990,949990,949990,949990,949990,949990,949990,949990,949990,949990,949990,949990,949990,949990,949990
124408,Lenovo Ideacentre AIO 5 24IMB05 (F0FB0083CL),832539,849990,17451,-2,https://www.solotodo.cl/products/124408-lenovo-ideacentre-aio-5-24imb05-f0fb0083cl,Intel Core i5 10400T (2000 - 3600 MHz) (Six-Core),"23.8"" Táctil FullHD (1920x1080)",12 GB,"HDD 1000 GB
SSD 256 GB",849990,849990,849990,849990,849990,849990,849990,799990,799990,799990,799990,799990,799990,799990,799990,799990,799990,799990,799990,799990,799990,799990,829990,829990,829990,829990,829990,829990,829990,849990,849990,849990,849990,849990,849990,849990,849990,849990,849990,849990,849990,849990,849990,849990,849990,849990,849990,849990,849990,849990,849990,849990
94702,"Apple iMac Retina 5K 27"" (MXWV2CI/A)",2350547,2399990,49443,-2,https://www.solotodo.cl/products/94702-apple-imac-retina-5k-27-mxwv2cia,Intel Core i7 10510U (1800 - 4900 MHz) (Quad-core),"27.0"" 5K Retina Display (5120x2880)",8 GB,SSD 512 GB,2249990,2249990,2249990,2249990,2249990,2249990,2399990,2399990,2399990,2399990,2399990,2399990,2399990,2399990,2399990,2249990,2249990,2249990,2249990,2249990,2399990,2399990,2399990,2399990,2399990,2399990,2399990,2399990,2399990,2399990,2399990,2399990,2399990,2312832,2312832,2312832,2312832,2312832,2312832,2312832,2312832,2312832,2312832,2399990,2399990,2399990,2399990,2399990,2399990,2399990,2399990,2399990
129644,"Apple iMac Retina 4.5K 24"" (MGPL3CI/A)",1830546,1869990,39444,-2,https://www.solotodo.cl/products/129644-apple-imac-retina-45k-24-mgpl3cia,Apple M-Series M1 (3200 - 3200 MHz) (Octa-Core),"23.5"" 4.5K Retina Display (4480x2520)",8 GB,SSD 512 GB,,,,,,,,,,,,,,,,,,,,,,,,,,,,,,,,,,1799990,1799990,1799990,1799990,1799990,1869990,1869990,1869990,1869990,1869990,1869990,1749990,1749990,1869990,1749990,1869990,1869990,1869990,1869990
130271,Dell OptiPlex 7490 (773Y7),1325890,1355400,29510,-2,https://www.solotodo.cl/products/130271-dell-optiplex-7490-773y7,Intel Core i7 10700 (2900 - 4800 MHz) (Octa-Core),"23.8"" FullHD (1920x1080)",16 GB,SSD 256 GB,,,,,,,,,,,,,,,,,,,,,,,,,,,,,,,,,,,,,,,,,1339445,1299690,1299690,1341079,1331039,1339098,1335604,1324916,1326436,1329602,1318190,1355400
119419,Dell OptiPlex 5490 (NMW5W),1049572,1075490,25918,-2,https://www.solotodo.cl/products/119419-dell-optiplex-5490-nmw5w,Intel Core i5 10500T (2300 - 3800 MHz) (Six-Core),"23.8"" FullHD (1920x1080)",8 GB,HDD 1000 GB,,851792,,,,,,,,,,,,,,,,,,,,,,,,,,,,,,1096851,1104390,1079614,1079614,1074753,1068567,1050490,1050490,1050490,1038256,1029990,1029990,1062790,1052772,1053729,1053729,1057826,1055090,1055090,1044690,1075490
128314,"Apple iMac Retina 4.5K 24"" (MGPM3CI/A)",1584805,1629990,45185,-3,https://www.solotodo.cl/products/128314-apple-imac-retina-45k-24-mgpm3cia,Apple M-Series M1 (3200 - 3200 MHz) (Octa-Core),"23.5"" 4.5K Retina Display (4480x2520)",8 GB,SSD 256 GB,,,,,,,,,,,,,,,,,,1599990,,,,,,1499990,1499990,1499990,1499990,1499990,1499990,1499990,1499990,,,1599990,1599990,1599990,1599990,1599990,1629990,1629990,1629990,1629990,1629990,1629990,1629990,1629990,1629990,1629990,1629990,1629990,1629990,1629990
115869,"Apple iMac Retina 21.5"" (1TB) (MMQA2LL/A)",658421,699990,41569,-6,https://www.solotodo.cl/products/115869-apple-imac-retina-215-1tb-mmqa2lla,Intel Core i5 7360U (2300 - 3600 MHz) (Dual-core),"21.5"" FullHD (1920x1080)",8 GB,HDD 1000 GB,759990,759990,759990,759990,759990,759990,759990,759990,759990,759990,759990,759990,759990,759990,759990,759990,759990,759990,599990,599990,599990,599990,599990,599990,599990,599990,599990,599990,599990,599990,599990,599990,599990,599990,599990,599990,599990,599990,599990,599990,599990,599990,599990,599990,599990,599990,599990,599990,599990,599990,699990,699990
107103,HP 22-DF0011LA (140R8AA),610309,664990,54681,-9,https://www.solotodo.cl/products/107103-hp-22-df0011la-140r8aa,Intel Core i5 10210U (1600 - 2400 MHz) (Quad-core),"21.5"" FullHD (1920x1080)",8 GB,HDD 1000 GB,549990,549990,549990,549990,549990,549990,549990,549990,549990,549990,549990,549990,549990,549990,549990,579990,569990,569990,569990,569990,569990,569990,569990,569990,664990,664990,664990,664990,664990,664990,664990,664990,664990,664990,664990,664990,664990,664990,664990,664990,664990,664990,664990,664990,664990,,,,,664990,664990,664990
119421,HP 200 G4 (i5-10210U / 8GB / 256GB SSD / W10P),794818,899990,105172,-13,https://www.solotodo.cl/products/119421-hp-200-g4-i5-10210u-8gb-256gb-ssd-w10p,Intel Core i5 10210U (1600 - 2400 MHz) (Quad-core),"21.5"" FullHD (1920x1080)",8 GB,SSD 256 GB,,,,,,,,,,,,,,,,,,,,,,,749990,749990,749990,749990,749990,749990,749990,749990,749990,899990,799990,799990,799990,799990,799990,799990,799990,799990,799990,799990,799990,799990,799990,799990,799990,799990,799990,899990,899990,899990
87093,HP 27-D0000LA (7WT34AA),1136657,1299990,163333,-14,https://www.solotodo.cl/products/87093-hp-27-d0000la-7wt34aa,Intel Core i5 10700T (2000 - 4500 MHz) (Octa-Core),"27.0"" FullHD (1920x1080)",8 GB,HDD 2000 GB,1149990,1149990,1149990,1149990,1149990,1149990,1149990,1149990,1149990,1149990,1149990,1149990,1149990,1149990,1149990,1149990,1149990,1149990,1149990,1149990,1149990,1149990,1149990,1149990,1149990,1129990,1129990,1129990,1129990,1129990,1129990,1129990,1129990,1129990,1129990,1129990,1129990,1129990,1129990,1099990,1099990,1099990,1099990,1099990,1099990,1099990,1099990,1099990,1099990,1099990,1299990,1299990
125565,HP ProOne 400 G6 (468G6LS),1246138,1628140,382002,-31,https://www.solotodo.cl/products/125565-hp-proone-400-g6-468g6ls,Intel Core i7 10700 (2900 - 4800 MHz) (Octa-Core),"23.8"" FullHD (1920x1080)",16 GB,"HDD 1000 GB
SSD 512 GB",1229423,1229423,1226750,1226750,1229423,1229423,1261090,1261040,1261040,1226750,1226750,1226750,1226750,1226750,1226750,1290740,1284890,1280340,1271490,1264090,1264090,1264090,1264040,1260655,1259590,1259540,1242663,1204837,1204837,1226225,1226180,1231589,1231540,1216950,1216950,1206890,1199984,1181290,1181290,1181290,1193670,1158190,1158190,1158190,1158190,1158190,1158190,1158190,1610360,1610360,1600390,1628140
113335,"Apple iMac Retina 4.5K 24"" (MJV93CI/A)",1209183,,,,https://www.solotodo.cl/products/113335-apple-imac-retina-45k-24-mjv93cia,Apple M-Series M1 (3200 - 3200 MHz) (Octa-Core),"23.5"" 4.5K Retina Display (4480x2520)",8 GB,SSD 256 GB,1129990,1129990,1129990,1129990,1129990,1129990,1129990,1129990,1129990,1129990,1149990,1149990,1149990,1149990,1149990,1149990,1249990,1149990,1149990,1249990,1149990,1149990,1249990,1249990,1249990,1249990,1249990,1249990,,,,,,1304160,1304160,1304160,1260030,1260030,1260030,1260030,1260030,1260030,1260030,1099990,1260030,1304160,1304160,1304160,1304160,1304160,,
119634,ASUS Vivo V272UAK-BA167T,675615,,,,https://www.solotodo.cl/products/119634-asus-vivo-v272uak-ba167t,Intel Core i5 8250U (1600 - 3400 MHz) (Quad-core),"27.0"" FullHD (1920x1080)",8 GB,"HDD 1000 GB
SSD 256 GB",669990,669990,669990,669990,669990,669990,669990,669990,669990,669990,669990,669990,669990,669990,669990,669990,669990,669990,669990,669990,669990,669990,669990,669990,669990,669990,669990,669990,669990,669990,669990,669990,669990,669990,669990,669990,669990,669990,669990,699990,699990,699990,699990,699990,699990,699990,699990,699990,,,,
120191,Lenovo ThinkSmart Hub 500 for Zoom (10V50004CS),1772023,,,,https://www.solotodo.cl/products/120191-lenovo-thinksmart-hub-500-for-zoom-10v50004cs,Intel Core i5 7500T (2700 - 3300 MHz) (Quad-core),"11.6"" Táctil FullHD (1920x1080)",8 GB,SSD 128 GB,,,,,,1773550,1779830,1784010,1786100,1786100,1786100,1779830,1815370,1825830,1821650,1802830,1815370,1804920,1798650,1788190,1788190,1788190,1775650,1790280,1792370,1769370,1763100,1763100,1763100,1748460,1748460,1750560,1738010,1727550,1727550,1888320,1872340,1729650,1886040,1710830,1849500,1681550,1683640,1696190,1679460,1681550,1683640,,,,,
123185,HP ProOne 400 G6 (436L3LS),1253589,,,,https://www.solotodo.cl/products/123185-hp-proone-400-g6-436l3ls,Intel Core i5 10500 (3100 - 4500 MHz) (Six-Core),"23.8"" FullHD (1920x1080)",8 GB,SSD 256 GB,1279790,1279790,,,1298990,1249079,1246363,1246363,1287290,1246363,1246363,1246363,1246363,1246363,1246363,1311340,1305390,1300840,1291790,1284290,1284240,1284240,1284002,1283952,1279690,1279640,1264590,1264540,1264540,1264302,1263090,1251279,1251041,1236410,1236410,1226185,1219169,1200190,1200190,1200190,1200170,1176790,1176790,1199621,,,,,,,,
113568,ASUS Zen AiO M5401WUAT-BA032T,927133,,,,https://www.solotodo.cl/products/113568-asus-zen-aio-m5401wuat-ba032t,AMD Ryzen 7 5700U (1800 - 4300 MHz) (Octa-Core),"23.8"" Táctil FullHD (1920x1080)",8 GB,"HDD 1000 GB
SSD 256 GB",929990,929990,929990,929990,929990,929990,929990,929990,929990,929990,929990,929990,929990,929990,929990,929990,929990,929990,929990,929990,929990,929990,929990,929990,929990,929990,929990,929990,929990,929990,929990,929990,929990,929990,929990,929990,,929990,929990,899990,899990,899990,899990,,,,,,,,,
52678,"Apple iMac Retina 5K 27"" (MNE92LL/A)",1199990,,,,https://www.solotodo.cl/products/52678-apple-imac-retina-5k-27-mne92lla,Intel Core i5 7500 (3400 - 3800 MHz) (Quad-core),"27.0"" 5K Retina Display (5120x2880)",8 GB,HDD 1000 GB,,,,,,,,,,,,,,,,,,,,,,,,1199990,1199990,1199990,,1199990,1199990,1199990,1199990,1199990,,,,,,,,,,,,,,,,,,,,
48616,HP 24-F018LA (3US81AA),599990,,,,https://www.solotodo.cl/products/48616-hp-24-f018la-3us81aa,Intel Core i5 8250U (1600 - 3400 MHz) (Quad-core),"23.8"" FullHD (1920x1080)",8 GB,HDD 2000 GB,599990,599990,599990,599990,599990,599990,599990,599990,599990,599990,599990,599990,599990,599990,599990,599990,599990,599990,599990,599990,599990,599990,599990,599990,599990,599990,599990,599990,,,,,,,,,,,,,,,,,,,,,,,,
128239,HP ProOne 600 G1 (i5-4570S / 8GB / 240GB SSD),399900,,,,https://www.solotodo.cl/products/128239-hp-proone-600-g1-i5-4570s-8gb-240gb-ssd,Intel Core i5 4570S (2900 - 3600 MHz) (Quad-core),"21.5"" FullHD (1920x1080)",8 GB,SSD 240 GB,,,,,,,,,,,,,,,,399900,399900,399900,399900,399900,399900,399900,399900,399900,399900,399900,,,,,,,,,,,,,,,,,,,,,,,,,,
81899,Lenovo V530 (10UW00MJCS),854381,,,,https://www.solotodo.cl/products/81899-lenovo-v530-10uw00mjcs,Intel Core i5 9400T (1800 - 3400 MHz) (Six-Core),"23.8"" FullHD (1920x1080)",8 GB,HDD 1000 GB,859990,859990,859990,859990,859990,859990,859990,859990,859990,859990,859990,859990,859990,859990,859990,859990,859990,859990,859990,859990,816990,816990,,816990,,,,,,,,,,,,,,,,,,,,,,,,,,,,
117664,"Apple iMac 27"" 8GB RAM 1TB HDD (ME089LL/A)",699990,,,,https://www.solotodo.cl/products/117664-apple-imac-27-8gb-ram-1tb-hdd-me089lla,Intel Core i5 4670 (3400 - 3800 MHz) (Quad-core),"27.0"" QHD (2560x1440)",8 GB,HDD 1000 GB,699990,699990,699990,699990,699990,699990,699990,699990,699990,699990,699990,699990,699990,699990,699990,699990,,,,,,,,,,,,,,,,,,,,,,,,,,,,,,,,,,,,
94145,"Apple iMac Retina 5K 27""",1849990,,,,https://www.solotodo.cl/products/94145-apple-imac-retina-5k-27,Intel Core i5 10600 (3300 - 4800 MHz) (Six-Core),"27.0"" 5K Retina Display (5120x2880)",8 GB,SSD 512 GB,1849990,1849990,1849990,1849990,1849990,1849990,1849990,1849990,1849990,1849990,1849990,,,,,,,,,,,,,,,,,,,,,,,,,,,,,,,,,,,,,,,,,
102436,HP 22-DD0009LA (7WS24AA),649990,,,,https://www.solotodo.cl/products/102436-hp-22-dd0009la-7ws24aa,Intel Core i5 1035G1 (1000 - 3600 MHz) (Quad-core),"19.5"" FullHD (1920x1080)",8 GB,HDD 1000 GB,649990,649990,649990,649990,649990,649990,649990,649990,,,,,,,,,,,,,,,,,,,,,,,,,,,,,,,,,,,,,,,,,,,,
106084,HP ProOne 400 G6 (2Z1X5LT),1152042,,,,https://www.solotodo.cl/products/106084-hp-proone-400-g6-2z1x5lt,Intel Core i7 10700 (2900 - 4800 MHz) (Octa-Core),"23.8"" FullHD (1920x1080)",8 GB,SSD 512 GB,1153116,1153116,1150609,1150609,1153116,1153116,1150609,,,,,,,,,,,,,,,,,,,,,,,,,,,,,,,,,,,,,,,,,,,,,
111514,ASUS ExpertCenter E2 E241EAK-BA060R (90PT02T2-M06030),1179990,,,,https://www.solotodo.cl/products/111514-asus-expertcenter-e2-e241eak-ba060r-90pt02t2-m06030,Intel Core i7 1165G7 (2800 - 4700 MHz) (Quad-core),"23.8"" FullHD (1920x1080)",8 GB,SSD 512 GB,1179990,1179990,1179990,1179990,,,,,,,,,,,,,,,,,,,,,,,,,,,,,,,,,,,,,,,,,,,,,,,,
105483,Dell 5400 (8NP1R),1120580,,,,https://www.solotodo.cl/products/105483-dell-5400-8np1r,Intel Core i5 1135G7 (2400 - 4200 MHz) (Quad-core),"23.8"" FullHD (1920x1080)",12 GB,"HDD 1000 GB
SSD 256 GB",1051171,1051171,1189990,1189990,,,,,,,,,,,,,,,,,,,,,,,,,,,,,,,,,,,,,,,,,,,,,,,,
120980,Lenovo Ideacentre AIO 5 24IMB05 (F0FB0099CL),859990,,,,https://www.solotodo.cl/products/120980-lenovo-ideacentre-aio-5-24imb05-f0fb0099cl,Intel Core i5 10400T (2000 - 3600 MHz) (Six-Core),"23.8"" Táctil FullHD (1920x1080)",12 GB,"HDD 1000 GB
SSD 256 GB",859990,859990,,,,,,,,,,,,,,,,,,,,,,,,,,,,,,,,,,,,,,,,,,,,,,,,,,
