id,name,price,today,diff price,diff percent,type,watts,m2,m3,url,15/12/21,16/12/21,17/12/21,18/12/21,19/12/21,20/12/21,21/12/21,22/12/21,23/12/21,24/12/21,27/12/21,28/12/21,29/12/21,30/12/21,31/12/21,02/01/22,03/01/22,04/01/22,05/01/22,06/01/22,07/01/22,08/01/22,09/01/22,10/01/22,11/01/22,12/01/22,13/01/22,14/01/22,15/01/22,16/01/22,17/01/22,18/01/22,19/01/22,20/01/22,21/01/22,24/01/22,25/01/22,26/01/22,27/01/22,28/01/22,29/01/22,31/01/22,01/02/22,02/02/22,03/02/22,04/02/22,05/02/22,06/02/22,07/02/22,08/02/22,09/02/22,10/02/22,11/02/22,13/02/22,15/02/22,16/02/22,17/02/22,18/02/22,20/02/22,21/02/22,22/02/22,23/02/22,25/02/22,26/02/22,27/02/22,28/02/22,01/03/22,02/03/22,03/03/22,05/03/22,06/03/22,07/03/22,08/03/22,10/03/22,11/03/22,12/03/22,13/03/22,14/03/22,15/03/22,16/03/22,17/03/22,18/03/22,20/03/22,21/03/22,22/03/22,23/03/22,24/03/22,25/03/22,27/03/22,28/03/22,29/03/22,30/03/22,31/03/22,01/04/22,04/04/22,05/04/22,06/04/22,08/04/22,09/04/22,11/04/22,12/04/22,13/04/22,18/04/22,19/04/22,20/04/22,21/04/22,22/04/22,23/04/22,24/04/22,25/04/22,26/04/22,27/04/22,28/04/22,29/04/22,30/04/22,01/05/22,02/05/22,03/05/22,04/05/22,05/05/22,06/05/22,09/05/22,10/05/22,11/05/22,12/05/22,13/05/22,16/05/22,17/05/22,18/05/22,19/05/22,23/05/22
62403,Bosca Hera+ (Gris),838549,769990,-68559,8,Estufa a Pellet,9000 W.,120 m2,Desconocido,https://www.solotodo.cl/products/62403-bosca-hera-gris,769990,769990,769990,769990,769990,769990,769990,769990,769990,769990,839990,839990,839990,839990,839990,839990,839990,839990,839990,839990,839990,839990,839990,839990,839990,839990,839990,839990,839990,839990,839990,839990,839990,839990,839990,839990,839990,839990,839990,839990,839990,839990,849990,849990,849990,849990,849990,849990,849990,856990,,,849990,849990,849990,849990,849990,849990,849990,849990,849990,849990,849990,849990,849990,849990,849990,849990,849990,849990,849990,849990,849990,849990,849990,849990,849990,849990,849990,849990,849990,849990,849990,849990,849990,829990,829990,829990,829990,829990,829990,829990,829990,829990,849990,849990,849990,849990,849990,849990,849990,849990,849990,849990,849990,849990,849990,849990,849990,849990,849990,849990,849990,849990,849990,849990,849990,849990,849990,849990,849990,849990,849990,849990,849990,,849990,849990,769990,769990,769990
38324,Toyotomi PS-7500 (White),1087292,999990,-87302,8,Estufa a Pellet,7300 W.,120 m2,Desconocido,https://www.solotodo.cl/products/38324-toyotomi-ps-7500-white,1199990,1199990,1199990,1199990,1199990,1199990,1199990,1199990,1199990,1199990,1199990,999990,999990,999990,999990,999990,999990,999990,999990,1199990,1199990,1199990,1199990,1199990,1199990,1199990,1199990,1199990,1199990,1199990,1199990,1199990,1199990,1199990,1199990,1199990,1199990,1199990,1199990,1199990,1199990,1199990,1199990,1199990,1199990,1199990,1199990,1199990,1199990,1199990,1199990,1199990,1199990,1199990,1199990,1199990,1199990,1199990,1199990,1199990,1199990,1199990,1199990,,,,,999990,999990,999990,999990,999990,999990,999990,999990,999990,999990,999990,999990,999990,999990,999990,999990,999990,999990,999990,999990,999990,999990,999990,999990,999990,999990,999990,999990,999990,999990,999990,999990,999990,999990,999990,999990,999990,999990,999990,999990,999990,999990,999990,999990,999990,999990,999990,999990,999990,999990,999990,999990,999990,999990,999990,999990,999990,999990,999990,999990,999990,999990,999990,999990
72654,Albin Trotter AT-ZL PM08 Rojo,1053034,999990,-53044,5,Estufa a Pellet,8000 W.,140 m2,Desconocido,https://www.solotodo.cl/products/72654-albin-trotter-at-zl-pm08-rojo,864990,864990,864990,864990,864990,864990,864990,,,,,,,,,,,,,,,,,,,,,,,,,,,,,,,,,,,,,,,,1137990,1137990,1137990,1137990,933990,933990,933990,933990,933990,933990,933990,933990,1137990,1137990,1137990,1137990,1137990,1137990,1137990,1137990,1137990,1137990,1137990,1137990,1137990,1137990,1137990,1137990,1137990,1137990,1137990,1137990,1137990,1137990,1137990,1137990,1137990,1137990,1137990,1137990,1137990,1137990,1137990,1137990,933990,933990,933990,933990,933990,933990,933990,1137990,1137990,1137990,1137990,1137990,1137990,1137990,1137990,1137990,1137990,999990,999990,999990,999990,999990,999990,999990,1137990,1137990,1137990,999990,999990,999990,999990,999990,999990,999990,999990,999990,999990,999990,999990,999990,999990
122815,Alcazar P1800 (negro),1142298,1119990,-22308,2,Estufa a Pellet,7000 W.,Desconocido,Desconocido,https://www.solotodo.cl/products/122815-alcazar-p1800-negro,1199990,1199990,1199990,1199990,1199990,1199990,1199990,1199990,1199990,1199990,1199990,1199990,1199990,1199990,1199990,1199990,1199990,1199990,1199990,1199990,1199990,1199990,1199990,1199990,1199990,1199990,1199990,1199990,1199990,1199990,1199990,1199990,1199990,1199990,1199990,1199990,1199990,1199990,1099990,1099990,1099990,1099990,1099990,1099990,1099990,1119990,1119990,1119990,1119990,1119990,1119990,1119990,1119990,1119990,1119990,1119990,1119990,1119990,1119990,1119990,1119990,1119990,1119990,1119990,1119990,1119990,1119990,1119990,1119990,1119990,1119990,1119990,1119990,1119990,1119990,1119990,1119990,1119990,1119990,1119990,1119990,1119990,1119990,1119990,1119990,1119990,1119990,1119990,1119990,1119990,1119990,1119990,1119990,1119990,1119990,1119990,1119990,1119990,1119990,1119990,1119990,1119990,1119990,1119990,1119990,1119990,1119990,1119990,1119990,1119990,1119990,1119990,1119990,1119990,1119990,1119990,1119990,1119990,1119990,1119990,1119990,1119990,1119990,1119990,1119990,1119990,1119990,1119990,1119990,1119990,1119990
61820,Amesti Italy 8100 (Rojo),913118,899990,-13128,1,Estufa a Pellet,8550 W.,154 m2,Desconocido,https://www.solotodo.cl/products/61820-amesti-italy-8100-rojo,966990,966990,966990,966990,966990,966990,966990,966990,966990,,,,,,,,,,,,,,,,,,,,,,,,,,,,,,,,,,,,,,,967990,967990,967990,967990,899900,899900,899900,899900,899900,899900,899900,967990,967990,967990,967990,899990,899990,899990,899990,899990,899990,899990,899990,899990,899990,899990,899990,899990,899900,899900,899990,899990,899990,899990,899990,899990,899990,899990,899990,899900,899900,899990,899990,899990,899990,899990,899990,899990,899990,899990,899990,899990,899990,899990,899990,,,,,899990,899990,899990,899990,899900,899900,899990,899990,899990,899990,899990,899990,899990,899990,899990,899990,899990,899900,899900,899900,909990,899900,899900,899900,899990
62420,Yunque Alaska 850 (Burdeo),1164990,1164990,0,0,Estufa a Pellet,8700 W.,150 m2,Desconocido,https://www.solotodo.cl/products/62420-yunque-alaska-850-burdeo,,,,,,,,,,,,,,,,,,,,,,,,,,,,,,,,,,,,,,,,,,,,,,,,,,,,,,,,,,,,,,,,,,,,,,,,,,,,,,,,,,,,,,,,,,,,,,,,,,,,,,,,,,,,,,,,,,,,,,,,,,,,,,1164990,1164990,1164990,1164990,1164990,1164990
63486,BetterLife NB-PSC,983990,999990,16000,-2,Estufa a Pellet,6200 W.,100 m2,Desconocido,https://www.solotodo.cl/products/63486-betterlife-nb-psc,999990,999990,999990,999990,999990,999990,999990,999990,999990,999990,869990,869990,869990,869990,869990,869990,869990,869990,869990,869990,869990,869990,869990,869990,869990,869990,999990,999990,999990,999990,999990,999990,999990,999990,999990,999990,999990,999990,999990,999990,999990,999990,999990,999990,999990,999990,999990,999990,999990,999990,999990,999990,999990,999990,999990,999990,999990,999990,999990,999990,999990,999990,999990,999990,999990,999990,999990,999990,999990,999990,999990,999990,999990,999990,999990,999990,999990,999990,999990,999990,999990,999990,999990,999990,999990,999990,999990,999990,999990,999990,999990,999990,999990,999990,999990,999990,999990,999990,999990,999990,999990,999990,999990,999990,999990,999990,999990,999990,999990,999990,999990,999990,999990,999990,999990,999990,999990,999990,999990,999990,999990,999990,999990,999990,999990,999990,999990,999990,999990,999990,999990
81349,Bosca Hera+ (Rojo),841579,859990,18411,-2,Estufa a Pellet,9000 W.,120 m2,Desconocido,https://www.solotodo.cl/products/81349-bosca-hera-rojo,769990,769990,769990,769990,769990,769990,769990,769990,769990,769990,809990,809990,809990,809990,809990,809990,809990,809990,809990,799990,799990,799990,799990,799990,809990,809990,809990,809990,,799990,799990,849990,849990,849990,849990,809990,809990,809990,859990,859990,859990,859990,859990,859990,859990,859990,859990,859990,859990,859990,859990,,859990,859990,859990,859990,,859990,859990,859990,859990,859990,859990,859990,859990,859990,859990,859990,859990,,,859990,859990,859990,859990,,,859990,,859990,859990,859990,859990,859990,859990,859990,859990,859990,859990,859990,859990,859990,859990,859990,859990,859990,859990,859990,859990,,,,,,,,,,,,,,,,859990,859990,859990,859990,859990,859990,859990,859990,859990,869990,869990,869990,899990,899990,899990,899990,859990
109665,Bosca Mila 6,782307,819990,37683,-5,Estufa a Pellet,6000 W.,100 m2,Desconocido,https://www.solotodo.cl/products/109665-bosca-mila-6,,,,,,,,,,,,,,,,,,,,,,,,,,,,,,,,,,,,,,,,,,,,,,,779990,779990,779990,779990,779990,779990,779990,779990,779990,779990,779990,779990,779990,779990,779990,779990,779990,779990,779990,779990,779990,779990,779990,779990,779990,779990,779990,779990,779990,779990,779990,779990,779990,779990,779990,779990,779990,779990,779990,779990,779990,779990,779990,779990,779990,779990,779990,779990,779990,779990,779990,779990,779990,779990,779990,779990,779990,779990,779990,779990,779990,779990,779990,779990,779990,779990,779990,779990,779990,779990,779990,,,779990,779990,779990,779990,789990,789990,789990,819990,819990,819990,819990,819990
61818,Amesti Italy 6100 (Rojo),739290,809990,70700,-10,Estufa a Pellet,6600 W.,118 m2,Desconocido,https://www.solotodo.cl/products/61818-amesti-italy-6100-rojo,,,,,,,,,,,,,,,,,,,,,,,,,,,,,,,,,,,,,,,,,,,,,,,,,,,,,,,,,,,,,,,,799990,799990,799990,799990,799990,799990,,,799990,799990,799990,799990,,,799990,,799990,799990,799990,799990,799990,799990,799990,699900,799990,699900,699900,699900,699900,799990,699900,699900,699900,699900,699900,699900,699900,699900,699900,699900,699900,699900,699900,699900,699900,699900,699900,699900,699900,699900,699900,699900,699900,699900,699900,699900,699900,699900,699900,699900,699900,699900,699900,809990,809990,809990,809990,809990
132286,Ferlux Flora (Negro),941870,1049990,108120,-11,Estufa a Pellet,8600 W.,150 m2,195 m3,https://www.solotodo.cl/products/132286-ferlux-flora-negro,,,,,,,,,,,,,,,,,,,,,,,,,,,,,,,,,,,,,,,,,,,,,,,,,,,,,,,,,,879900,879900,879900,879900,879900,879900,879900,879900,879900,879900,879900,879900,879900,879900,879900,879900,879900,879900,879900,879900,879900,779990,779990,,,,,927990,927990,927990,927990,927990,927990,927990,927990,927990,927990,927990,927990,927990,927990,927990,927990,927990,999990,999990,999990,999990,999990,999990,,,,999990,999990,999990,999990,999990,999990,999990,999990,999990,999990,999990,999990,999990,1049990,1049990,1049990,1049990,1049990,1049990,1049990,1049990
38112,Alcazar P1800 (rojo),1335644,1499990,164346,-12,Estufa a Pellet,7000 W.,Desconocido,Desconocido,https://www.solotodo.cl/products/38112-alcazar-p1800-rojo,1169990,1169990,1169990,1169990,1169990,1169990,1169990,1169990,1169990,1169990,1169990,1169990,1169990,1169990,1169990,1169990,1169990,1169990,1169990,1169990,1169990,1169990,1169990,1169990,1169990,1169990,1169990,1169990,1169990,1169990,1169990,1169990,1169990,1169990,1169990,1169990,1169990,1169990,1169990,1169990,1169990,1169990,1169990,1169990,1169990,1169990,1169990,1169990,1169990,1169990,1169990,1169990,1169990,1169990,1169990,1169990,1169990,1464990,1464990,1464990,1464990,1464990,1464990,1464990,1464990,1464990,1464990,1464990,1464990,1464990,1464990,1464990,1464990,1464990,1464990,1464990,1464990,1464990,1464990,1464990,1464990,1464990,1464990,1464990,1464990,1464990,1464990,1464990,1464990,1464990,1464990,1464990,1464990,1464990,1464990,1464990,1464990,1464990,1464990,1464990,1464990,1464990,1464990,1464990,1464990,1464990,1464990,1464990,1464990,1464990,1464990,1464990,1464990,1464990,1464990,1464990,1464990,1464990,1464990,1464990,1464990,1464990,1464990,1464990,1464990,1464990,1464990,1464990,1464990,1464990,1499990
62418,Yunque Alaska 850 (Negro),911776,1164990,253214,-28,Estufa a Pellet,8700 W.,150 m2,Desconocido,https://www.solotodo.cl/products/62418-yunque-alaska-850-negro,849990,849990,849990,849990,849990,849990,849990,849990,,,,,,,,,,,,,,,,,,,,,,,,,,,,,849990,849990,899990,899990,899990,899990,899990,899990,899990,899990,899990,899990,899990,899990,899990,899990,899990,899990,899990,899990,899990,899990,899990,899990,899990,899990,899990,899990,899990,899990,899990,899990,899990,899990,899990,899990,899990,899990,899990,899990,899990,899990,899990,899990,899990,899990,899990,,,,,,,,,,,,,,899990,899990,899990,899990,899990,899990,,,,,,,,,,,,,899990,899990,899990,899990,,,,,,,,1164990,1164990,1164990,1164990,1164990,1164990
105652,Toyotomi PS-9800,1099990,,,,Estufa a Pellet,8600 W.,150 m2,Desconocido,https://www.solotodo.cl/products/105652-toyotomi-ps-9800,,,,,,,,,,,,1099990,1099990,1099990,,,,,,,,,,,,,,,,,,,,,,,,,,,,,,,,,,,,,,,,,,,,,,,,,,,,,,1099990,1099990,1099990,1099990,1099990,1099990,1099990,1099990,1099990,1099990,1099990,1099990,1099990,1099990,1099990,1099990,1099990,1099990,1099990,1099990,1099990,1099990,1099990,1099990,1099990,1099990,1099990,1099990,1099990,1099990,1099990,1099990,1099990,1099990,1099990,1099990,1099990,,1099990,1099990,1099990,1099990,1099990,1099990,1099990,1099990,1099990,1099990,1099990,1099990,,,,,,,1099990,1099990,1099990,1099990,1099990,1099990,1099990,
38114,Bosca Eco Smart (Negro),907133,,,,Estufa a Pellet,8300 W.,120 m2,Desconocido,https://www.solotodo.cl/products/38114-bosca-eco-smart-negro,,,,,,,,,,,,,,,,,,,,,,,,,949990,,,,,,,,,,,,,,,,,,,,,,,,,,,,,,,,,,,,,,,,,,,,,,,,,,,,,,,,,,,,,,,,,,,,,,,,,,,,,,,,,,,,,,,,,,,,,,,,,,,899990,899990,899990,899990,899990,899990,,
114065,Recco NB-PI,735748,,,,Estufa a Pellet,0 W.,90 m2,Desconocido,https://www.solotodo.cl/products/114065-recco-nb-pi,,,,,,,,,,,,,,,,,,,,,,,,,,679990,679990,679990,679990,679990,679990,679990,679990,679990,679990,,,,,,,,,,,,,,,,,,,,,,,,,,,,,,,,,,,,,,,,,,,,,,,,,,,,,,,,,,,,,,,,,,,,,,,,759990,759990,759990,759990,759990,759990,759990,759990,759990,759990,759990,759990,759990,759990,759990,759990,759990,759990,759990,759990,759990,759990,759990,,
75620,Amesti Italy 7000 (Rojo),859990,,,,Estufa a Pellet,7300 W.,130 m2,Desconocido,https://www.solotodo.cl/products/75620-amesti-italy-7000-rojo,,,,,,,,,,,,,,,,,,,,,,,,,,,,,,,,,,,,,,,,,,,,,,,,,,,,,,,,,,,,,,,,,,,,,,,,,,,,,,,,,,,,,859990,859990,859990,859990,,859990,859990,859990,859990,,859990,859990,859990,859990,859990,859990,859990,859990,,859990,859990,859990,859990,859990,859990,859990,859990,859990,859990,859990,859990,859990,859990,859990,859990,859990,859990,859990,859990,859990,,,,,,,
114061,Bosca Hera+ (Verde),848430,,,,Estufa a Pellet,9000 W.,120 m2,Desconocido,https://www.solotodo.cl/products/114061-bosca-hera-verde,769990,769990,769990,769990,769990,769990,769990,769990,849990,769990,849990,849990,849990,849990,849990,849990,849990,849990,849990,849990,849990,849990,849990,849990,849990,849990,849990,849990,849990,849990,849990,849990,849990,849990,849990,849990,849990,849990,849990,849990,849990,849990,859990,859990,859990,859990,859990,859990,859990,859990,859990,859990,859990,859990,859990,859990,859990,859990,859990,859990,859990,859990,859990,859990,859990,859990,859990,859990,859990,859990,859990,859990,859990,859990,859990,859990,859990,859990,859990,859990,859990,859990,859990,859990,859990,859990,859990,859990,859990,859990,859990,859990,859990,859990,859990,859990,859990,859990,859990,859990,859990,859990,819990,819990,819990,859990,859990,,,,,859990,,,,,,,,859990,,,,,,,,,,,
120443,Bosca Hera+ (Azul),847515,,,,Estufa a Pellet,9000 W.,120 m2,Desconocido,https://www.solotodo.cl/products/120443-bosca-hera-azul,769990,769990,769990,769990,769990,769990,769990,769990,769990,769990,849990,849990,849990,849990,849990,849990,849990,849990,849990,849990,849990,849990,849990,849990,849990,849990,849990,849990,849990,849990,849990,849990,849990,849990,849990,849990,849990,849990,849990,849990,849990,849990,859990,859990,859990,859990,859990,859990,859990,,859990,859990,859990,859990,859990,859990,859990,859990,859990,859990,859990,859990,859990,859990,859990,859990,,,859990,859990,859990,859990,859990,859990,859990,859990,859990,859990,859990,859990,859990,859990,859990,859990,859990,859990,859990,859990,859990,859990,859990,859990,859990,859990,859990,859990,859990,859990,859990,859990,859990,859990,819990,,,,,,,,,,,,,,,,,859990,,,,,,,,,,,
131715,Yunque Roma (Negro),888879,,,,Estufa a Pellet,0 W.,Desconocido,Desconocido,https://www.solotodo.cl/products/131715-yunque-roma-negro,,,,,,,,,,,,,,,,,,,,,,,,,,,,,,,,,,,,,,,,,,,,,,,,,,,,,869990,869990,869990,869990,869990,869990,869990,869990,869990,869990,869990,869990,869990,869990,869990,869990,869990,869990,869990,869990,899990,899990,899990,899990,899990,899990,899990,899990,899990,899990,899990,899990,899990,899990,899990,899990,899990,899990,899990,899990,899990,899990,899990,899990,899990,899990,899990,899990,899990,899990,,,,,,,,,,,,,899990,899990,899990,899990,,,,,,,,,,,,,
62406,Alcazar P2000 Gris,1536990,,,,Estufa a Pellet,8900 W.,120 m2,Desconocido,https://www.solotodo.cl/products/62406-alcazar-p2000-gris,,,,,,,,,,,,,,,,,,,,,,,,,,,,,,,,,,,,,,,,,,,,,,,,,,,,,,,,,,,,,,,,1536990,1536990,1536990,1536990,1536990,1536990,,,1536990,1536990,1536990,1536990,,,1536990,,1536990,1536990,1536990,,1536990,1536990,1536990,1536990,1536990,,1536990,1536990,1536990,1536990,,1536990,1536990,1536990,1536990,1536990,1536990,1536990,1536990,1536990,1536990,1536990,1536990,1536990,1536990,1536990,1536990,1536990,1536990,1536990,1536990,,,,,,,,,,,,,,,,,
62404,Alcazar P3000 Gris,1710990,,,,Estufa a Pellet,12000 W.,140 m2,Desconocido,https://www.solotodo.cl/products/62404-alcazar-p3000-gris,,,,,,,,,,,,,,,,,,,,,,,,,,,,,,,,,,,,,,,,,,,,,,,,,,,,,,,,,,,,,,,,1710990,1710990,1710990,1710990,1710990,1710990,,,1710990,1710990,1710990,1710990,,,1710990,,1710990,1710990,1710990,,1710990,1710990,1710990,1710990,1710990,1710990,1710990,1710990,1710990,1710990,1710990,1710990,1710990,1710990,1710990,1710990,1710990,1710990,1710990,1710990,1710990,1710990,1710990,1710990,1710990,1710990,1710990,1710990,1710990,1710990,1710990,,,,,,,,,,,,,,,,,
61819,Amesti Italy 6100 (Negro),716582,,,,Estufa a Pellet,6600 W.,118 m2,Desconocido,https://www.solotodo.cl/products/61819-amesti-italy-6100-negro,,,,,,,,,,,,,,,,,,,,,,,,,,,,,,,,,,,,,,,,,,,,,,,,,,,,,,,,,,,,,,,,,,,,,,,,,,,,,,,,,,,799990,799990,799990,799990,699900,699900,699900,699900,699900,699900,699900,699900,799990,699900,699900,699900,699900,699900,699900,699900,699900,699900,699900,699900,699900,699900,699900,699900,699900,699900,,,,,,,,,,,,,,,,,,,
70926,Ungaro Foglia 7KW (Moka),2549990,,,,Estufa a Pellet,6500 W.,120 m2,Desconocido,https://www.solotodo.cl/products/70926-ungaro-foglia-7kw-moka,2549990,2549990,2549990,2549990,2549990,2549990,2549990,2549990,2549990,2549990,2549990,2549990,2549990,2549990,2549990,2549990,2549990,2549990,2549990,2549990,2549990,2549990,2549990,2549990,2549990,2549990,2549990,2549990,2549990,2549990,2549990,2549990,2549990,2549990,2549990,2549990,2549990,2549990,2549990,2549990,2549990,2549990,2549990,2549990,2549990,2549990,2549990,2549990,2549990,2549990,2549990,2549990,2549990,2549990,2549990,2549990,2549990,2549990,2549990,2549990,2549990,2549990,2549990,2549990,2549990,2549990,2549990,2549990,2549990,2549990,2549990,2549990,2549990,2549990,2549990,2549990,2549990,2549990,2549990,2549990,2549990,2549990,2549990,2549990,2549990,2549990,2549990,2549990,2549990,2549990,2549990,2549990,2549990,2549990,2549990,2549990,2549990,2549990,2549990,2549990,2549990,2549990,,,,,,,,,,,,,,,,,,,,,,,,,,,,,
70932,Ungaro Liby 7KW (Negra),2699990,,,,Estufa a Pellet,6500 W.,120 m2,Desconocido,https://www.solotodo.cl/products/70932-ungaro-liby-7kw-negra,2699990,2699990,2699990,2699990,2699990,2699990,2699990,2699990,2699990,2699990,2699990,2699990,2699990,2699990,2699990,2699990,2699990,2699990,2699990,2699990,2699990,2699990,2699990,2699990,2699990,2699990,2699990,2699990,2699990,2699990,2699990,2699990,2699990,2699990,2699990,2699990,2699990,2699990,2699990,2699990,2699990,2699990,2699990,2699990,2699990,2699990,2699990,2699990,2699990,2699990,2699990,2699990,2699990,2699990,2699990,2699990,2699990,2699990,2699990,2699990,2699990,2699990,2699990,2699990,2699990,2699990,2699990,2699990,2699990,2699990,2699990,2699990,2699990,2699990,2699990,2699990,2699990,2699990,2699990,2699990,2699990,2699990,2699990,2699990,2699990,2699990,2699990,2699990,2699990,2699990,2699990,2699990,2699990,2699990,2699990,2699990,2699990,2699990,2699990,2699990,2699990,2699990,,,,,,,,,,,,,,,,,,,,,,,,,,,,,
70931,Ungaro Liby 7KW (Moka),2699990,,,,Estufa a Pellet,6500 W.,120 m2,Desconocido,https://www.solotodo.cl/products/70931-ungaro-liby-7kw-moka,2699990,2699990,2699990,2699990,2699990,2699990,2699990,2699990,,2699990,2699990,2699990,2699990,2699990,2699990,2699990,2699990,2699990,2699990,2699990,2699990,2699990,2699990,2699990,2699990,2699990,2699990,2699990,2699990,2699990,2699990,2699990,2699990,2699990,2699990,2699990,2699990,2699990,2699990,2699990,2699990,2699990,2699990,2699990,2699990,2699990,2699990,2699990,2699990,2699990,2699990,2699990,2699990,2699990,2699990,2699990,2699990,2699990,2699990,2699990,2699990,2699990,2699990,2699990,2699990,2699990,2699990,2699990,2699990,2699990,2699990,2699990,2699990,2699990,2699990,2699990,2699990,2699990,2699990,2699990,2699990,2699990,2699990,2699990,2699990,2699990,2699990,2699990,2699990,2699990,2699990,2699990,2699990,2699990,2699990,2699990,2699990,2699990,2699990,2699990,2699990,2699990,,,,,,,,,,,,,,,,,,,,,,,,,,,,,
70923,Ungaro Foglia 7KW (Blanca),2549990,,,,Estufa a Pellet,6500 W.,120 m2,Desconocido,https://www.solotodo.cl/products/70923-ungaro-foglia-7kw-blanca,2549990,2549990,2549990,2549990,2549990,2549990,2549990,2549990,2549990,2549990,2549990,2549990,2549990,2549990,2549990,2549990,2549990,2549990,2549990,2549990,2549990,2549990,2549990,2549990,2549990,2549990,2549990,2549990,2549990,2549990,2549990,2549990,2549990,2549990,2549990,2549990,2549990,2549990,2549990,2549990,2549990,2549990,2549990,2549990,2549990,2549990,2549990,2549990,2549990,2549990,2549990,2549990,2549990,2549990,2549990,2549990,2549990,2549990,2549990,2549990,2549990,2549990,2549990,2549990,2549990,2549990,2549990,2549990,2549990,2549990,2549990,2549990,2549990,2549990,2549990,2549990,2549990,2549990,2549990,2549990,2549990,2549990,2549990,2549990,2549990,2549990,2549990,2549990,2549990,2549990,2549990,2549990,2549990,2549990,2549990,2549990,2549990,2549990,2549990,2549990,2549990,2549990,,,,,,,,,,,,,,,,,,,,,,,,,,,,,
70928,Ungaro Foglia 7KW (Negra),2549990,,,,Estufa a Pellet,6500 W.,120 m2,Desconocido,https://www.solotodo.cl/products/70928-ungaro-foglia-7kw-negra,2549990,2549990,2549990,2549990,2549990,2549990,2549990,2549990,2549990,2549990,2549990,2549990,2549990,2549990,2549990,2549990,2549990,2549990,2549990,2549990,2549990,2549990,2549990,2549990,2549990,2549990,2549990,2549990,2549990,2549990,2549990,2549990,2549990,2549990,2549990,2549990,2549990,2549990,2549990,2549990,2549990,2549990,2549990,2549990,2549990,2549990,2549990,2549990,2549990,2549990,2549990,2549990,2549990,2549990,2549990,2549990,2549990,2549990,2549990,2549990,2549990,2549990,2549990,2549990,2549990,2549990,2549990,2549990,2549990,2549990,2549990,2549990,2549990,2549990,2549990,2549990,2549990,2549990,2549990,2549990,2549990,2549990,2549990,2549990,2549990,2549990,2549990,2549990,2549990,2549990,2549990,2549990,2549990,2549990,2549990,2549990,2549990,2549990,2549990,2549990,2549990,2549990,,,,,,,,,,,,,,,,,,,,,,,,,,,,,
70924,Ungaro Foglia 7KW (Burdeo),2549990,,,,Estufa a Pellet,6500 W.,120 m2,Desconocido,https://www.solotodo.cl/products/70924-ungaro-foglia-7kw-burdeo,2549990,2549990,2549990,2549990,2549990,2549990,2549990,2549990,2549990,2549990,2549990,2549990,2549990,2549990,2549990,2549990,2549990,2549990,2549990,2549990,2549990,2549990,2549990,2549990,2549990,2549990,2549990,2549990,2549990,2549990,2549990,2549990,2549990,2549990,2549990,2549990,2549990,2549990,2549990,2549990,2549990,2549990,2549990,2549990,2549990,2549990,2549990,2549990,2549990,2549990,2549990,2549990,2549990,2549990,2549990,2549990,2549990,2549990,2549990,2549990,2549990,2549990,2549990,2549990,2549990,2549990,2549990,2549990,2549990,2549990,2549990,2549990,2549990,2549990,2549990,2549990,2549990,2549990,2549990,2549990,2549990,2549990,2549990,2549990,2549990,2549990,2549990,2549990,2549990,2549990,2549990,2549990,2549990,2549990,2549990,2549990,2549990,2549990,2549990,2549990,2549990,2549990,,,,,,,,,,,,,,,,,,,,,,,,,,,,,
70922,Ungaro Liby 7KW (Blanca),2699990,,,,Estufa a Pellet,6500 W.,120 m2,Desconocido,https://www.solotodo.cl/products/70922-ungaro-liby-7kw-blanca,2699990,2699990,2699990,2699990,2699990,2699990,2699990,2699990,,2699990,2699990,2699990,2699990,2699990,2699990,2699990,2699990,2699990,2699990,2699990,2699990,2699990,2699990,2699990,2699990,2699990,2699990,2699990,2699990,2699990,2699990,2699990,2699990,2699990,2699990,2699990,2699990,2699990,2699990,2699990,2699990,2699990,2699990,2699990,2699990,2699990,2699990,2699990,2699990,2699990,2699990,2699990,2699990,2699990,2699990,2699990,2699990,2699990,2699990,2699990,2699990,2699990,2699990,2699990,2699990,2699990,2699990,2699990,2699990,2699990,2699990,2699990,2699990,2699990,2699990,2699990,2699990,2699990,2699990,2699990,2699990,2699990,2699990,2699990,2699990,2699990,2699990,2699990,2699990,2699990,2699990,2699990,2699990,2699990,2699990,2699990,2699990,2699990,2699990,2699990,2699990,2699990,,,,,,,,,,,,,,,,,,,,,,,,,,,,,
70930,Ungaro Liby 7KW (Burdeo),2699990,,,,Estufa a Pellet,6500 W.,120 m2,Desconocido,https://www.solotodo.cl/products/70930-ungaro-liby-7kw-burdeo,2699990,2699990,2699990,2699990,2699990,2699990,2699990,2699990,,2699990,2699990,2699990,2699990,2699990,2699990,2699990,2699990,2699990,2699990,2699990,2699990,2699990,2699990,2699990,2699990,2699990,2699990,2699990,2699990,2699990,2699990,2699990,2699990,2699990,2699990,2699990,2699990,2699990,2699990,2699990,2699990,2699990,2699990,2699990,2699990,2699990,2699990,2699990,2699990,2699990,2699990,2699990,2699990,2699990,2699990,2699990,2699990,2699990,2699990,2699990,2699990,2699990,2699990,2699990,2699990,2699990,2699990,2699990,2699990,2699990,2699990,2699990,2699990,2699990,2699990,2699990,2699990,2699990,2699990,2699990,2699990,2699990,2699990,2699990,2699990,2699990,2699990,2699990,2699990,2699990,2699990,2699990,2699990,2699990,2699990,2699990,2699990,2699990,2699990,2699990,2699990,2699990,,,,,,,,,,,,,,,,,,,,,,,,,,,,,
114062,Bosca Hera+ (Crema),855602,,,,Estufa a Pellet,9000 W.,120 m2,Desconocido,https://www.solotodo.cl/products/114062-bosca-hera-crema,,,849990,849990,849990,849990,849990,849990,849990,849990,849990,849990,849990,849990,849990,849990,849990,849990,849990,849990,849990,849990,849990,849990,849990,849990,849990,849990,849990,849990,849990,849990,849990,849990,849990,849990,849990,849990,849990,849990,849990,849990,849990,849990,849990,859990,859990,859990,859990,859990,859990,859990,859990,859990,859990,859990,859990,859990,859990,859990,859990,859990,859990,859990,859990,859990,859990,,859990,859990,859990,859990,859990,859990,859990,859990,859990,859990,859990,859990,859990,859990,859990,859990,859990,859990,859990,859990,859990,859990,859990,859990,859990,859990,859990,859990,859990,859990,859990,859990,859990,,,,,,,,,,,,,,,,,,,,,,,,,,,,,,
131714,Yunque Roma (Burdeo),885704,,,,Estufa a Pellet,0 W.,Desconocido,Desconocido,https://www.solotodo.cl/products/131714-yunque-roma-burdeo,,,,,,,,,,,,,,,,,,,,,,,,,,,,,,,,,,,,,,,,,,,,,,,,,,,,,869990,869990,869990,869990,869990,869990,869990,869990,869990,869990,869990,869990,869990,869990,869990,869990,869990,869990,869990,869990,899990,899990,899990,899990,899990,899990,899990,899990,899990,899990,899990,899990,899990,899990,899990,899990,899990,899990,899990,899990,899990,899990,,,,,,,,,,,,,,,,,,,,,,,,,,,,,,,,,,,,,
63487,BetterLife NB-PSC9,1199990,,,,Estufa a Pellet,9000 W.,160 m2,Desconocido,https://www.solotodo.cl/products/63487-betterlife-nb-psc9,1199990,1199990,1199990,1199990,1199990,1199990,1199990,1199990,1199990,1199990,1199990,1199990,1199990,1199990,1199990,1199990,1199990,1199990,1199990,1199990,1199990,1199990,1199990,1199990,1199990,1199990,1199990,1199990,1199990,1199990,1199990,1199990,1199990,1199990,1199990,1199990,1199990,1199990,1199990,1199990,1199990,1199990,1199990,1199990,1199990,1199990,1199990,1199990,1199990,1199990,1199990,1199990,1199990,1199990,1199990,1199990,1199990,1199990,1199990,1199990,1199990,1199990,1199990,1199990,1199990,1199990,1199990,1199990,1199990,1199990,1199990,1199990,1199990,1199990,1199990,1199990,1199990,1199990,1199990,1199990,1199990,1199990,1199990,1199990,1199990,1199990,1199990,1199990,1199990,1199990,1199990,1199990,1199990,,,,,,,,,,,,,,,,,,,,,,,,,,,,,,,,,,,,,,
105653,Toyotomi PS-6000,899990,,,,Estufa a Pellet,6000 W.,105 m2,Desconocido,https://www.solotodo.cl/products/105653-toyotomi-ps-6000,,,,,,,,,,,,899990,899990,899990,899990,899990,899990,899990,899990,,,,,,,,,,,,,,,,,,,,,,,,,,,,,,,,,,,,,,,,,,,,,,,,,899990,899990,899990,899990,899990,899990,899990,899990,899990,899990,899990,899990,899990,899990,899990,899990,899990,899990,899990,899990,899990,899990,899990,899990,,,,,,,,,,,,,,,,,,,,,,,,,,,,,,,,,,,,,,,,
61821,Amesti Italy 8100 (Negro),899900,,,,Estufa a Pellet,8550 W.,154 m2,Desconocido,https://www.solotodo.cl/products/61821-amesti-italy-8100-negro,899900,899900,899900,,,,,,,,,,,,,,,,,,,,,,,,,,,,,,,,,,,,,,,,,,,,,,,,,899900,899900,899900,899900,899900,899900,899900,899900,,,,,,,,,,,,,,,899900,899900,899900,899900,899900,899900,899900,,,,,,,899900,,,899900,,,,,,,,,,,,,,,,,,,,,,,,,,,,,,,,,,,,,,,,,
62407,Alcazar P2000 Madera,1174190,,,,Estufa a Pellet,8900 W.,120 m2,Desconocido,https://www.solotodo.cl/products/62407-alcazar-p2000-madera,,,,,,,,,,,,,,,,,,,,,,,,,1259990,1259990,1259990,1259990,1259990,1259990,1259990,1259990,1259990,1259990,1259990,1259990,1259990,1259990,1090990,1090990,1090990,1090990,1090990,1090990,1090990,1129990,1129990,1129990,1129990,1129990,1129990,1129990,1129990,1129990,1129990,1129990,1129990,1129990,1129990,,,,,,,,,,,,,,,,,,,,,,,,,,,,,,,,,,,,,,,,,,,,,,,,,,,,,,,,,,,,,,,,,,,,,,,,
72717,Efel Cube 10,919990,,,,Estufa a Pellet,8600 W.,Desconocido,Desconocido,https://www.solotodo.cl/products/72717-efel-cube-10,,,,,,,,,,,,,,,,,,,,,,,,,919990,919990,919990,919990,919990,919990,919990,919990,919990,919990,919990,919990,919990,919990,919990,919990,919990,919990,,,,,,,,,,,,,,,,,,,,,,,,,,,,,,,,,,,,,,,,,,,,,,,,,,,,,,,,,,,,,,,,,,,,,,,,,,,,,,,,,,,,,,,,,
75621,Amesti Italy 7000 (Negro),799990,,,,Estufa a Pellet,7300 W.,130 m2,Desconocido,https://www.solotodo.cl/products/75621-amesti-italy-7000-negro,,,,,,,,,,,,,,,,,,,,,,,,,799990,799990,,,,,,799990,,,,,,,,,,,,,,,,,,,,,,,,,,,,,,,,,,,,,,,,,,,,,,,,,,,,,,,,,,,,,,,,,,,,,,,,,,,,,,,,,,,,,,,,,,,,,,,,,,,
72718,Efel Cube 6,799990,,,,Estufa a Pellet,6000 W.,Desconocido,Desconocido,https://www.solotodo.cl/products/72718-efel-cube-6,,,,,,,,,,,,,,,,,,,,,,,,,799990,799990,799990,799990,799990,799990,799990,,,,,,,,,,,,,,,,,,,,,,,,,,,,,,,,,,,,,,,,,,,,,,,,,,,,,,,,,,,,,,,,,,,,,,,,,,,,,,,,,,,,,,,,,,,,,,,,,,,,
106555,Albin Trotter AT-ZL PM08 Blanco,864990,,,,Estufa a Pellet,8000 W.,140 m2,Desconocido,https://www.solotodo.cl/products/106555-albin-trotter-at-zl-pm08-blanco,,,,,,,,,,,,,,,,,,,,,,,,,864990,864990,,,,,,,,,,,,,,,,,,,,,,,,,,,,,,,,,,,,,,,,,,,,,,,,,,,,,,,,,,,,,,,,,,,,,,,,,,,,,,,,,,,,,,,,,,,,,,,,,,,,,,,,,
109605,Albin Trotter AT-ZL PM08 Negro,864990,,,,Estufa a Pellet,8000 W.,140 m2,Desconocido,https://www.solotodo.cl/products/109605-albin-trotter-at-zl-pm08-negro,,,,,,,,,,,,,,,,,,,,,,,,,864990,,,,,,,,,,,,,,,,,,,,,,,,,,,,,,,,,,,,,,,,,,,,,,,,,,,,,,,,,,,,,,,,,,,,,,,,,,,,,,,,,,,,,,,,,,,,,,,,,,,,,,,,,,
