id,name,type,size,resolution,smartTV,url,price,today,diff price,diff percent,28/11/21,29/11/21,30/11/21,01/12/21,02/12/21,03/12/21,05/12/21,06/12/21,07/12/21,08/12/21,09/12/21,10/12/21,11/12/21,12/12/21,13/12/21,14/12/21,15/12/21,16/12/21,17/12/21,18/12/21,19/12/21,20/12/21,21/12/21,22/12/21,23/12/21,24/12/21,27/12/21,28/12/21,29/12/21,30/12/21,31/12/21,02/01/22,03/01/22,04/01/22,05/01/22,06/01/22,07/01/22,08/01/22,09/01/22,10/01/22,11/01/22
78752,Samsung QN50Q60T,QLED,"50.0""",4k Ultra HD (3840x2160),Sí,https://www.solotodo.cl/products/78752-samsung-qn50q60t,629990,479990,-150000,24,629990,629990,629990,629990,629990,629990,629990,629990,629990,629990,629990,629990,629990,629990,629990,629990,629990,629990,629990,629990,629990,629990,629990,629990,629990,629990,629990,629990,629990,629990,629990,629990,629990,629990,629990,629990,629990,629990,629990,629990,479990
91231,Samsung QN55LST7TA,QLED,"55.0""",4k Ultra HD (3840x2160),Sí,https://www.solotodo.cl/products/91231-samsung-qn55lst7ta,2004990,1599990,-405000,20,2099990,2099990,2099990,2099990,2099990,2099990,2199990,2199990,2199990,2199990,2199990,2199990,2199990,2199990,2199990,2199990,2199990,2199990,2199990,2199990,2199990,2199990,2199990,2199990,2199990,2199990,2199990,2199990,1599990,1599990,1599990,1599990,1599990,1599990,1599990,1599990,1599990,1599990,1599990,1599990,1599990
113740,LG 86QNED99SPA,QNED,"86,0""",8K Full Ultra HD (7680x4320),Sí,https://www.solotodo.cl/products/113740-lg-86qned99spa,4632965,3699990,-932975,20,4949990,4949990,4949990,4949990,4949990,4949990,4759990,4759990,4759990,4759990,4739990,4739990,4699990,4699990,4699990,4499990,4499990,4499990,4499990,4699990,4699990,4699990,4699990,4699990,4699990,4699990,4699990,4699990,4699990,4699990,4699990,4699990,4699990,4699990,4699990,4699990,3999000,3699990,3699990,3699990,3699990
79258,Samsung QN55LS03TA,QLED,"55.0""",4k Ultra HD (3840x2160),Sí,https://www.solotodo.cl/products/79258-samsung-qn55ls03ta,899990,759990,-140000,16,,,,,,,,,,,,,,,,,,,,,,,,,,,,,,,,,,,899990,,,,,,759990
86297,Samsung QN65Q700TA,QLED,"65.0""",8K Full Ultra HD (7680x4320),Sí,https://www.solotodo.cl/products/86297-samsung-qn65q700ta,1349865,1199990,-149875,11,1304990,1304990,1304990,1349990,1399990,1399990,1399990,1399990,1399990,1389990,1389990,1389990,1389990,1389990,1389990,1349990,1349990,1349990,1349990,1389990,1389990,1389990,1389990,1389990,1389990,1389990,1389990,1389990,1379990,1379990,1379990,1379990,1379990,1379990,1199990,1199990,1199990,1199990,1199990,1199990,1199990
107907,Samsung QN85QN900A,QLED,"85.0""",8K Full Ultra HD (7680x4320),Sí,https://www.solotodo.cl/products/107907-samsung-qn85qn900a,4354340,3999990,-354350,8,4643990,4643990,4643990,4999990,4999990,4999990,4849990,4849990,4849990,4989990,4989990,4989990,4989990,4989990,4989990,4751990,3999990,3999990,3999990,3999990,3999990,3999990,3999990,3999990,3999990,3999990,3999990,3999990,3999990,3999990,3999990,3999990,3999990,3999990,3999990,3999990,3999990,3999990,3999990,3999990,3999990
116823,LG 75QNED99SPA,QNED,"75.0""",4k Ultra HD (3840x2160),Sí,https://www.solotodo.cl/products/116823-lg-75qned99spa,2812490,2599990,-212500,8,2999990,2999990,2999990,2999990,2999990,2999990,2799990,2799990,2799990,2799990,2799990,2799990,2799990,2799990,2799990,2799990,2799990,2799990,2799990,2799990,2799990,2799990,2799990,2799990,2799990,2799990,2799990,2799990,2799990,2799990,2799990,2799990,2799990,2799990,2799990,2799990,2699990,2599990,2599990,2599990,2599990
115600,LG OLED48A1PSA,OLED,"48.0""",4k Ultra HD (3840x2160),Sí,https://www.solotodo.cl/products/115600-lg-oled48a1psa,486990,459990,-27000,6,499990,499990,499990,499990,499990,499990,499990,399990,399990,499990,499990,499990,499990,499990,499990,499990,499990,499990,499990,499990,499990,499990,499990,499990,499990,499990,499990,499990,499990,499990,499990,499990,459990,459990,459990,459990,459990,459990,459990,459990,459990
104723,Samsung QN55Q60A,QLED,"55.0""",4k Ultra HD (3840x2160),Sí,https://www.solotodo.cl/products/104723-samsung-qn55q60a,464490,439990,-24500,5,499990,499990,499990,499990,499990,499990,499990,419990,419990,489990,489990,489990,489990,489990,489990,489990,489990,449990,449990,449990,449990,449990,449990,449990,449990,449990,449990,449990,449990,449990,449990,449990,449990,449990,449990,449990,449990,439990,439990,439990,439990
113029,Sony Bravia XR-65A80J,OLED,"65.0""",4k Ultra HD (3840x2160),Sí,https://www.solotodo.cl/products/113029-sony-bravia-xr-65a80j,1671240,1589990,-81250,5,1699990,1699990,1699990,1699990,1699990,1699990,1699990,1699990,1699990,1699990,1699990,1699990,1699990,1699990,1699990,1699990,1699990,1699990,1699990,1659990,1659990,1659990,1659990,1699990,1699990,1699990,1699990,1699990,1699990,1699990,1699990,1589990,1589990,1589990,1589990,1589990,1589990,1589990,1589990,1589990,1589990
107905,Samsung QN85QN85A,QLED,"85.0""",4k Ultra HD (3840x2160),Sí,https://www.solotodo.cl/products/107905-samsung-qn85qn85a,2432265,2319990,-112275,5,2366990,2366990,2366990,2499990,2499990,2499990,2499990,2499990,2499990,2499990,2499990,2499990,2499990,2499990,2499990,2499990,2299990,2299990,2299990,2299990,2299990,2299990,2299990,2299990,2299990,2589990,2589990,2589990,2549990,2549990,2549990,2549990,2549990,2549990,2319990,2319990,2319990,2319990,2319990,2319990,2319990
108140,LG 55NANO80SPA,NanoCell,"55.0""",4k Ultra HD (3840x2160),Sí,https://www.solotodo.cl/products/108140-lg-55nano80spa,471190,449990,-21200,4,485990,485990,485990,509990,479990,479990,479990,479990,479990,469990,479990,469990,479990,479990,479990,479990,479990,479990,479990,469990,469990,469990,469990,479990,469990,459990,459990,469990,469990,469990,469990,469990,449990,449990,449990,449990,449990,449990,449990,449990,449990
107906,Samsung QN75QN900A,QLED,"75.0""",8K Full Ultra HD (7680x4320),Sí,https://www.solotodo.cl/products/107906-samsung-qn75qn900a,3139990,2999990,-140000,4,3199990,3199990,3199990,3199990,3199990,3199990,3199990,3199990,3199990,3199990,3199990,3199990,3199990,3199990,3199990,3199990,3199990,3199990,3199990,3199990,3199990,3199990,3199990,3199990,3199990,3199990,3199990,3199990,2999990,2999990,2999990,2999990,2999990,2999990,2999990,2999990,2999990,2999990,2999990,2999990,2999990
107895,Samsung QN55Q70A,QLED,"55.0""",4k Ultra HD (3840x2160),Sí,https://www.solotodo.cl/products/107895-samsung-qn55q70a,572965,549990,-22975,4,602990,602990,602990,629990,629990,629990,629990,629990,589990,589990,589990,589990,589990,589990,629990,589990,549990,549990,549990,549990,549990,549990,549990,549990,549990,549990,549990,549990,549990,549990,549990,549990,549990,549990,549990,549990,549990,549990,549990,549990,549990
114739,LG 65QNED90SPA,QNED,"65.0""",4k Ultra HD (3840x2160),Sí,https://www.solotodo.cl/products/114739-lg-65qned90spa,1142490,1099990,-42500,4,1199990,1199990,1199990,1199990,1199990,1199990,1199990,1199990,1199990,1199990,1199990,1199990,1199990,1199990,1199990,1169990,1169990,1129990,1129990,1099990,1099990,1099990,1099990,1099990,1099990,1099990,1099990,1099990,1099990,1099990,1099990,1099990,1099990,1099990,1099990,1099990,1099990,1099990,1099990,1099990,1099990
118014,Samsung QN50QN90A,QLED,"50.0""",4k Ultra HD (3840x2160),Sí,https://www.solotodo.cl/products/118014-samsung-qn50qn90a,726990,699990,-27000,4,699990,699990,699990,739990,739990,739990,749990,749990,749990,739990,739990,739990,739990,739990,739990,719990,719990,719990,719990,699990,699990,699990,699990,699990,699990,699990,699990,749990,739990,739990,739990,739990,739990,739990,749990,729990,729990,729990,729990,729990,699990
107283,LG 65NANO80SPA,NanoCell,"65.0""",4k Ultra HD (3840x2160),Sí,https://www.solotodo.cl/products/107283-lg-65nano80spa,684065,659990,-24075,4,656990,656990,656990,699990,699990,699990,699990,699990,699990,699990,699990,699990,699990,699990,699990,692990,692990,692990,692990,679990,679990,679990,679990,679990,679990,669990,669990,679990,679990,679990,679990,679990,679990,679990,679990,689990,689990,659990,659990,659990,659990
115596,LG OLED83C1PSA,OLED,"83,0""",4k Ultra HD (3840x2160),Sí,https://www.solotodo.cl/products/115596-lg-oled83c1psa,3831340,3699990,-131350,3,3617990,3617990,3617990,3869990,3899990,3899990,3899990,3899990,3899990,3899990,3899990,3899990,3899990,3899990,3899990,3734990,3734990,3734990,3734990,3869990,3869990,3869990,3869990,3869990,3869990,3869990,3869990,3869990,3869990,3869990,3869990,3869990,3869990,3869990,3869990,3869990,3799990,3699990,3699990,3699990,3699990
107899,Samsung QN65Q80A,QLED,"65.0""",4k Ultra HD (3840x2160),Sí,https://www.solotodo.cl/products/107899-samsung-qn65q80a,827615,799990,-27625,3,836990,836990,836990,849990,879990,879990,879990,879990,879990,879990,879990,879990,879990,879990,879990,863990,799990,799990,799990,799990,799990,799990,799990,799990,799990,799990,799990,799990,799990,799990,799990,799990,799990,799990,799990,799990,799990,799990,799990,799990,799990
108259,LG OLED48C1PSA,OLED,"48.0""",4k Ultra HD (3840x2160),Sí,https://www.solotodo.cl/products/108259-lg-oled48c1psa,650990,629990,-21000,3,659990,659990,659990,659990,659990,659990,659990,659990,659990,659990,659990,659990,659990,659990,659990,659990,659990,659990,659990,659990,659990,659990,659990,659990,659990,659990,659990,659990,629990,629990,629990,629990,629990,629990,629990,629990,629990,629990,629990,629990,629990
122840,Samsung QN50Q80A,QLED,"50.0""",4k Ultra HD (3840x2160),Sí,https://www.solotodo.cl/products/122840-samsung-qn50q80a,618740,599990,-18750,3,629990,629990,629990,629990,629990,629990,629990,629990,629990,629990,629990,629990,629990,629990,629990,629990,629990,629990,629990,629990,629990,629990,629990,629990,629990,599990,599990,599990,599990,599990,599990,599990,599990,599990,599990,599990,599990,599990,599990,599990,599990
110618,LG 55NANO75SPA,NanoCell,"55.0""",4k Ultra HD (3840x2160),Sí,https://www.solotodo.cl/products/110618-lg-55nano75spa,421690,409990,-11700,3,422990,422990,422990,449990,439990,439990,434990,434990,434990,434990,434990,434990,434990,434990,434990,431990,431990,419990,419990,419990,399990,399990,399990,399990,399990,399990,399990,419990,419990,419990,419990,419990,419990,419990,419990,419990,419990,409990,409990,409990,409990
121435,LG 65NANO85SPA,NanoCell,"65.0""",4k Ultra HD (3840x2160),Sí,https://www.solotodo.cl/products/121435-lg-65nano85spa,718890,699990,-18900,3,701990,701990,701990,749990,749990,749990,739990,739990,739990,739990,739990,739990,739990,739990,739990,719990,719990,719990,719990,699990,699990,699990,699990,699990,699990,699990,699990,709990,709990,709990,709990,719990,719990,719990,719990,719990,719990,699990,699990,699990,699990
123348,LG 55NANO85SPA,NanoCell,"55.0""",4k Ultra HD (3840x2160),Sí,https://www.solotodo.cl/products/123348-lg-55nano85spa,573740,559990,-13750,2,599990,619990,599990,599990,599990,599990,569990,569990,569990,569990,569990,569990,569990,569990,569990,569990,569990,569990,569990,569990,569990,569990,569990,569990,569990,559990,559990,569990,569990,569990,569990,569990,569990,569990,569990,569990,569990,559990,559990,559990,559990
113028,Sony Bravia XR-77A80J,OLED,"77.0""",4k Ultra HD (3840x2160),Sí,https://www.solotodo.cl/products/113028-sony-bravia-xr-77a80j,2704240,2639990,-64250,2,2799990,2799990,2799990,2879990,2879990,2879990,2849990,2849990,2849990,2849990,2849990,2679990,2679990,2679990,2679990,2679990,2679990,2679990,2679990,2639990,2639990,2639990,2639990,2639990,2639990,2639990,2639990,2639990,2639990,2639990,2639990,2639990,2639990,2639990,2639990,2639990,2639990,2639990,2639990,2639990,2639990
83564,Samsung QN75Q800T,QLED,"75.0""",8K Full Ultra HD (7680x4320),Sí,https://www.solotodo.cl/products/83564-samsung-qn75q800t,2610290,2549990,-60300,2,2699990,2699990,2699990,2929990,2929990,2929990,2859990,2859990,2859990,2569990,2569990,2569990,2569990,2569990,2569990,2447990,2447990,2447990,2447990,2569990,2569990,2569990,2569990,2569990,2569990,2569990,2569990,2569990,2549990,2549990,2549990,2549990,2549990,2549990,2549990,2549990,2549990,2549990,2549990,2549990,2549990
119298,Samsung QN65QN700A,QLED,"65.0""",8K Full Ultra HD (7680x4320),Sí,https://www.solotodo.cl/products/119298-samsung-qn65qn700a,1534040,1499990,-34050,2,1502990,1502990,1502990,1599990,1599990,1599990,1599990,1599990,1599990,1599990,1599990,1599990,1599990,1599990,1599990,1556990,1547990,1547990,1499990,1499990,1499990,1499990,1499990,1499990,1499990,1499990,1499990,1499990,1499990,1499990,1499990,1499990,1499990,1499990,1499990,1499990,1499990,1499990,1499990,1499990,1499990
79257,Samsung QN65LS03TA,QLED,"65.0""",4k Ultra HD (3840x2160),Sí,https://www.solotodo.cl/products/79257-samsung-qn65ls03ta,920240,899990,-20250,2,939990,939990,939990,949990,949990,949990,949990,949990,929990,929990,929990,929990,929990,929990,929990,929990,929990,929990,929990,929990,929990,929990,929990,929990,929990,929990,929990,929990,929990,929990,929990,929990,929990,929990,799990,799990,799990,799990,929990,929990,899990
123229,Samsung QN43QN90A,QLED,"43.0""",4k Ultra HD (3840x2160),Sí,https://www.solotodo.cl/products/123229-samsung-qn43qn90a,642490,629990,-12500,2,649990,649990,649990,649990,649990,649990,649990,649990,649990,649990,649990,649990,649990,649990,649990,649990,649990,649990,649990,649990,649990,649990,649990,649990,649990,629990,629990,629990,629990,629990,629990,629990,629990,629990,629990,629990,629990,629990,629990,629990,629990
111650,Samsung QN55LS03A,QLED,"55.0""",4k Ultra HD (3840x2160),Sí,https://www.solotodo.cl/products/111650-samsung-qn55ls03a,724040,709990,-14050,2,737990,737990,737990,729990,729990,729990,729990,679990,679990,729990,729990,729990,729990,729990,729990,759990,755990,755990,755990,759990,759990,759990,759990,749990,749990,699990,699990,699990,699990,699990,699990,699990,699990,709990,709990,699990,699990,699990,699990,699990,709990
106164,Samsung QN50Q60A,QLED,"50.0""",4k Ultra HD (3840x2160),Sí,https://www.solotodo.cl/products/106164-samsung-qn50q60a,397590,389990,-7600,2,413990,413990,413990,419990,419990,419990,399990,349990,349990,419990,419990,419990,419990,419990,419990,419990,413990,413990,413990,419990,399990,399990,399990,399990,399990,379990,379990,379990,379990,379990,379990,379990,379990,379990,379990,379990,379990,379990,379990,379990,389990
113027,Sony Bravia XR-55A80J,OLED,"55.0""",4k Ultra HD (3840x2160),Sí,https://www.solotodo.cl/products/113027-sony-bravia-xr-55a80j,1067740,1049990,-17750,2,1049990,1099990,1099990,1099990,1099990,1099990,1099990,1099990,1099990,1099990,1099990,1099990,1099990,1099990,1099990,1049990,1049990,1049990,1049990,1049990,1049990,1049990,1049990,1049990,1049990,1049990,1049990,1049990,1049990,1049990,1049990,1049991,1049991,1049990,1049990,1049990,1049990,1049990,1049990,1059990,1049990
111649,Samsung QN65LS03A,QLED,"65.0""",4k Ultra HD (3840x2160),Sí,https://www.solotodo.cl/products/111649-samsung-qn65ls03a,935215,919990,-15225,2,926990,926990,926990,919990,919990,919990,919990,919990,919990,919990,919990,919990,919990,919990,919990,919990,953990,953990,949990,949990,949990,949990,949990,939990,939990,939990,939990,939990,939990,939990,939990,939990,939990,969990,989990,929990,929990,929990,929990,929990,919990
108139,LG 50NANO80SPA,NanoCell,"50.0""",4k Ultra HD (3840x2160),Sí,https://www.solotodo.cl/products/108139-lg-50nano80spa,405240,399990,-5250,1,395990,395990,395990,419990,419990,419990,419990,419990,419990,419990,419990,419990,419990,419990,419990,413990,413990,413990,409990,399990,389990,389990,389990,389990,389990,389990,389990,399990,399990,399990,399990,399990,399990,399990,399990,399990,399990,399990,399990,399990,399990
112137,Samsung Y21QN55,QLED,"55.0""",4k Ultra HD (3840x2160),Sí,https://www.solotodo.cl/products/112137-samsung-y21qn55,799990,789990,-10000,1,829990,829990,799990,799990,799990,799990,799990,799990,799990,799990,799990,799990,799990,799990,799990,799990,799990,799990,799990,799990,799990,799990,799990,799990,799990,799990,799990,799990,799990,799990,799990,799990,799990,799990,789990,789990,789990,789990,789990,789990,789990
112138,Samsung Y21QN50,QLED,"50.0""",4k Ultra HD (3840x2160),Sí,https://www.solotodo.cl/products/112138-samsung-y21qn50,708490,699990,-8500,1,719990,719990,689990,689990,689990,689990,689990,689990,689990,709990,709990,709990,709990,709990,709990,709990,709990,709990,709990,709990,709990,709990,709990,709990,709990,709990,709990,709990,719990,719990,719990,719990,719990,719990,719990,719990,719990,699990,699990,699990,699990
79764,Samsung QN82Q800T,QLED,"82,0""",8K Full Ultra HD (7680x4320),Sí,https://www.solotodo.cl/products/79764-samsung-qn82q800t,3387215,3349990,-37225,1,3284990,3284990,3284990,3569990,3569990,3569990,3599990,3599990,3599990,3399990,3399990,3399990,3399990,3399990,3399990,3230990,3230990,3230990,3230990,3399990,3399990,3399990,3399990,3399990,3399990,3399990,3399990,3399990,3349990,3349990,3349990,3349990,3349990,3349990,3349990,3349990,3349990,3349990,3349990,3349990,3349990
91232,Samsung QN65LST7TA,QLED,"65.0""",4k Ultra HD (3840x2160),Sí,https://www.solotodo.cl/products/91232-samsung-qn65lst7ta,2324990,2299990,-25000,1,,,,,,,,,,,,,,,,,,,,,,,,,,,,,2349990,2349990,2349990,2349990,2349990,2349990,2299990,2299990,2299990,2299990,2299990,2299990,2299990
108150,LG OLED77C1PSA,OLED,"77.0""",4k Ultra HD (3840x2160),Sí,https://www.solotodo.cl/products/108150-lg-oled77c1psa,2394090,2369990,-24100,1,2267990,2267990,2267990,2339990,2449990,2449990,2449990,2449990,2449990,2449990,2449990,2449990,2449990,2449990,2449990,2339990,2339990,2339990,2339990,2399990,2399990,2399990,2399990,2399990,2399990,2399990,2399990,2399990,2399990,2399990,2399990,2399990,2399990,2399990,2399990,2399990,2399990,2369990,2369990,2369990,2369990
80608,Samsung QN43LS03TA,QLED,"43.0""",4k Ultra HD (3840x2160),Sí,https://www.solotodo.cl/products/80608-samsung-qn43ls03ta,565115,559990,-5125,1,569990,569990,569990,559990,559990,559990,559990,559990,574990,574990,574990,574990,574990,574990,574990,574990,574990,574990,574990,574990,574990,574990,574990,574990,574990,574990,574990,574990,574990,574990,574990,574990,574990,559990,519990,519990,519990,519990,519990,559990,559990
78423,Samsung QN43LS01TA,QLED,"43.0""",4k Ultra HD (3840x2160),Sí,https://www.solotodo.cl/products/78423-samsung-qn43ls01ta,523165,519990,-3175,1,494990,494990,494990,529990,529990,529990,489990,519990,519990,529990,529990,529990,529990,529990,529990,512990,512990,512990,512990,529990,529990,529990,529990,529990,529990,529990,549990,529990,529990,529990,529990,529990,529990,529990,519990,519990,519990,519990,519990,519990,519990
81723,LG 86NANO90SNA,NanoCell,"86,0""",4k Ultra HD (3840x2160),Sí,https://www.solotodo.cl/products/81723-lg-86nano90sna,2091990,2079990,-12000,1,2179990,2179990,2179990,2179990,2179990,2179990,2079990,2079990,2079990,2079990,2079990,2079990,2079990,2099990,2099990,1979990,1979990,1979990,1979990,2099990,2099990,2099990,2099990,2099990,2099990,2079990,2079990,2079990,2079990,2079990,2079990,2099990,2099990,2099990,2099990,2099990,2099990,2079990,2079990,2079990,2079990
107903,Samsung QN55QN85A,QLED,"55.0""",4k Ultra HD (3840x2160),Sí,https://www.solotodo.cl/products/107903-samsung-qn55qn85a,784465,779990,-4475,1,755990,755990,755990,799990,789990,789990,789990,789990,789990,789990,789990,789990,789990,789990,789990,782990,773990,773990,773990,782990,782990,789990,789990,789990,789990,789990,789990,789990,789990,789990,789990,789990,789990,789990,779990,779990,779990,779990,779990,779990,779990
106166,Samsung QN55QN90A,QLED,"55.0""",4k Ultra HD (3840x2160),Sí,https://www.solotodo.cl/products/106166-samsung-qn55qn90a,854240,849990,-4250,0,829990,829990,829990,829990,829990,829990,829990,829990,829990,829990,829990,829990,829990,829990,829990,829990,829990,829990,829990,829990,829990,829990,829990,829990,829990,829990,829990,829990,829990,999990,999990,999990,999990,999990,849990,849990,849990,849990,849990,849990,849990
112044,LG 86NANO90SPA,NanoCell,"86,0""",4k Ultra HD (3840x2160),Sí,https://www.solotodo.cl/products/112044-lg-86nano90spa,2063740,2059990,-3750,0,2179990,2179990,2179990,2179990,2179990,2179990,2079990,2079990,2079990,2079990,2079990,2079990,2059990,2059990,2059990,2059990,2059990,2059990,2059990,1999990,1999990,1999990,1999990,1999990,1999990,1999990,2029990,2029990,2029990,2029990,2029990,2039990,2039990,2039990,2039990,2039990,2039990,2059990,2059990,2059990,2059990
111652,Samsung QN50LS03A,QLED,"50.0""",4k Ultra HD (3840x2160),Sí,https://www.solotodo.cl/products/111652-samsung-qn50ls03a,641040,639990,-1050,0,638990,638990,549990,619990,619990,619990,619990,569990,569990,649990,649990,649990,649990,669990,669990,649990,647990,647990,647990,649990,649990,669990,649990,649990,669990,669990,649990,669990,649990,649990,649990,649990,649990,639990,639990,639990,639990,639990,639990,639990,639990
115006,Samsung QN70Q60A,QLED,"70.0""",4k Ultra HD (3840x2160),Sí,https://www.solotodo.cl/products/115006-samsung-qn70q60a,951071,949990,-1081,0,949990,949990,969990,,,,949990,949990,969990,949990,949990,949990,949990,949990,949990,949990,949990,949990,949990,949990,949990,949990,949990,949990,949990,949990,949990,949990,949990,949990,949990,949990,949990,949990,949990,949990,949990,949990,949990,949990,949990
79384,Samsung QN75Q90T,QLED,"75.0""",4k Ultra HD (3840x2160),Sí,https://www.solotodo.cl/products/79384-samsung-qn75q90t,2319992,2319992,0,0,2319992,2319992,2319992,2319992,2319992,2319992,2319992,2319992,2319992,2319992,2319992,2319992,2319992,2319992,2319992,2319992,2319992,2319992,2319992,2319992,2319992,2319992,2319992,2319992,2319992,2319992,2319992,2319992,2319992,2319992,2319992,2319992,2319992,2319992,2319992,2319992,2319992,2319992,2319992,2319992,2319992
82535,Sony XBR-55A8H,OLED,"55.0""",4k Ultra HD (3840x2160),Sí,https://www.solotodo.cl/products/82535-sony-xbr-55a8h,799991,799991,0,0,,,,,,,,,,,,,,,,,,,,,,,,,,,,,,,,799991,799991,799991,799991,799991,799991,799991,799991,799991,799991
107902,Samsung QN85QN800A,QLED,"85.0""",8K Full Ultra HD (7680x4320),Sí,https://www.solotodo.cl/products/107902-samsung-qn85qn800a,3299990,3299990,0,0,3299990,3299990,3299990,3299990,3299990,3299990,3299990,3299990,3299990,3299990,3299990,3299990,3299990,3299990,3299990,3299990,3299990,3299990,3299990,3299990,3299990,3299990,3299990,3299990,3299990,3299990,3299990,3299990,3299990,3299990,3299990,3299990,3299990,3299990,3299990,3299990,3299990,3299990,3299990,3299990,3299990
91233,Samsung QN75LST7TA,QLED,"75.0""",4k Ultra HD (3840x2160),Sí,https://www.solotodo.cl/products/91233-samsung-qn75lst7ta,2989990,2989990,0,0,,,,,,,,,,,,,,,,,,,,,,,,,,,,,2989990,2989990,2989990,2989990,2989990,2989990,2989990,2989990,2989990,2989990,2989990,2989990,2989990
79844,Samsung QN75LS03TA,QLED,"75.0""",4k Ultra HD (3840x2160),Sí,https://www.solotodo.cl/products/79844-samsung-qn75ls03ta,1565990,1565990,0,0,,,,,,,,,,,,,,,,,,,,,,,,,,,,,,,,,,,1565990,1565990,1565990,1565990,1565990,1565990,1565990
112132,Samsung QN55BWBRU,QLED,"55.0""",4k Ultra HD (3840x2160),Sí,https://www.solotodo.cl/products/112132-samsung-qn55bwbru,729990,729990,0,0,779990,779990,729990,729990,729990,729990,719990,719990,779990,749990,749990,749990,749990,749990,749990,749990,749990,749990,749990,749990,749990,749990,749990,749990,749990,699990,699990,699990,699990,699990,699990,699990,699990,699990,699990,699990,699990,699990,699990,699990,729990
81731,LG 75NANO95SNA,NanoCell,"75.0""",8K Full Ultra HD (7680x4320),Sí,https://www.solotodo.cl/products/81731-lg-75nano95sna,1989990,1989990,0,0,,,,,,,,,,,,,,,,,,,,1989990,1989990,1989990,1989990,1989990,1989990,1989990,1989990,1989990,1989990,1989990,1989990,1989990,1989990,1989990,1989990,1989990,1989990,1989990,1989990,1989990,1989990
78528,Samsung QN65Q70T,QLED,"65.0""",4k Ultra HD (3840x2160),Sí,https://www.solotodo.cl/products/78528-samsung-qn65q70t,889990,889990,0,0,,,,,,,,,,,,,,,,,,,,,,,,,,,,,,,,,,,889990,889990,889990,889990,889990,889990,889990
81039,LG OLED77GXPSA,OLED,"77.0""",4k Ultra HD (3840x2160),Sí,https://www.solotodo.cl/products/81039-lg-oled77gxpsa,1999990,1999990,0,0,,,,,,,,,,,,,,,,,,,,,,,,,,,,,,,,,,,1999990,,,1999990,1999990,1999990,1999990
117522,Samsung QN43BWBRU,QLED,"43.0""",4k Ultra HD (3840x2160),Sí,https://www.solotodo.cl/products/117522-samsung-qn43bwbru,579490,579990,500,-0,619990,619990,619990,619990,619990,619990,549990,549990,549990,549990,549990,589990,589990,589990,589990,589990,589990,599990,569990,569990,569990,569990,569990,569990,589990,569990,569990,569990,569990,569990,569990,569990,569990,569990,569990,569990,569990,569990,569990,579990,579990
109224,LG 50NANO75SPA,NanoCell,"50.0""",4k Ultra HD (3840x2160),Sí,https://www.solotodo.cl/products/109224-lg-50nano75spa,359565,359990,425,-0,350990,350990,350990,369990,369990,369990,369990,369990,369990,369990,369990,369990,369990,369990,369990,359990,359990,359990,359990,359990,359990,359990,359990,359990,359990,349990,349990,359990,359990,339990,339990,349990,349990,349990,349990,349990,359990,359990,359990,359990,359990
106068,LG OLED55C1PSA,OLED,"55.0""",4k Ultra HD (3840x2160),Sí,https://www.solotodo.cl/products/106068-lg-oled55c1psa,858390,859990,1600,-0,827990,827990,827990,879990,879990,879990,879990,699990,879990,879990,879990,879990,879990,879990,879990,827990,827990,827990,827990,879990,879990,879990,879990,879990,869990,869990,869990,869990,869990,869990,849990,849990,849990,849990,849990,849990,859990,859990,859990,859990,859990
114740,LG 75QNED90SPA,QNED,"75.0""",4k Ultra HD (3840x2160),Sí,https://www.solotodo.cl/products/114740-lg-75qned90spa,1585615,1589990,4375,-0,1574990,1574990,1574990,1679990,1679990,1679990,1599990,1599990,1599990,1599990,1599990,1599990,1599990,1589990,1589990,1529990,1529990,1529990,1529990,1579990,1579990,1579990,1579990,1579990,1579990,1569990,1559990,1559990,1559990,1559990,1559990,1589990,1589990,1589990,1589990,1589990,1589990,1589990,1589990,1589990,1589990
108253,LG OLED65A1PSA,OLED,"65.0""",4k Ultra HD (3840x2160),Sí,https://www.solotodo.cl/products/108253-lg-oled65a1psa,966590,969990,3400,-0,917990,917990,917990,949990,979990,979990,979990,979990,979990,979990,979990,979990,979990,979990,979990,979990,979990,979990,979990,979990,979990,979990,979990,979990,949990,949990,949990,949990,949990,949990,949990,949990,969990,969990,969990,969990,969990,969990,969990,969990,969990
110990,LG 65NANO75SPA,NanoCell,"65.0""",4k Ultra HD (3840x2160),Sí,https://www.solotodo.cl/products/110990-lg-65nano75spa,597765,599990,2225,-0,566990,566990,566990,609990,599990,599990,599990,599990,599990,599990,599990,599990,599990,599990,599990,599990,599990,599990,599990,599990,599990,599990,599990,599990,599990,599990,599990,599990,599990,599990,599990,599990,599990,599990,599990,599990,599990,599990,599990,599990,599990
107898,Samsung QN55Q80A,QLED,"55.0""",4k Ultra HD (3840x2160),Sí,https://www.solotodo.cl/products/107898-samsung-qn55q80a,647465,649990,2525,-0,656990,656990,649990,629990,649990,649990,679990,679990,679990,679990,679990,679990,679990,679990,679990,674990,649990,649990,649990,649990,649990,649990,649990,649990,649990,649990,649990,619990,619990,619990,619990,619990,619990,619990,619990,619990,619990,619990,619990,619990,649990
107900,Samsung QN65QN800A,QLED,"65.0""",8K Full Ultra HD (7680x4320),Sí,https://www.solotodo.cl/products/107900-samsung-qn65qn800a,1693240,1699990,6750,-0,1673990,1673990,1673990,1689990,1789990,1789990,1699990,1699990,1799990,1679990,1679990,1679990,1679990,1679990,1679990,1727990,1679990,1679990,1679990,1679990,1679990,1679990,1789990,1679990,1679990,1679990,1679990,1679990,1679990,1679990,1679990,1679990,1679990,1679990,1679990,1679990,1679990,1679990,1679990,1679990,1699990
107901,Samsung QN75QN800A,QLED,"75.0""",8K Full Ultra HD (7680x4320),Sí,https://www.solotodo.cl/products/107901-samsung-qn75qn800a,2782990,2799990,17000,-1,2627990,2627990,2627990,2799990,2799990,2799990,2799990,2799990,2799990,2799990,2799990,2799990,2799990,2799990,2799990,2799990,2717990,2717990,2799990,2799990,2799990,2799990,2799990,2799990,2799990,2799990,2799990,2799990,2799990,2799990,2799990,2799990,2799990,2799990,2799990,2799990,2799990,2799990,2799990,2799990,2799990
121556,Samsung QN55QN700A,QLED,"55.0""",8K Full Ultra HD (7680x4320),Sí,https://www.solotodo.cl/products/121556-samsung-qn55qn700a,1141490,1149990,8500,-1,1097990,1097990,1097990,1149990,1149990,1149990,1149990,1149990,1149990,1149990,1149990,1149990,1149990,1149990,1149990,1133990,1133990,1133990,1133990,1139990,1139990,1139990,1159990,1139990,1139990,1139990,1139990,1139990,1139990,1139990,1139990,1139990,1139990,1149990,1149990,1149990,1149990,1149990,1149990,1149990,1149990
108156,LG OLED77G1PSA,OLED,"77.0""",4k Ultra HD (3840x2160),Sí,https://www.solotodo.cl/products/108156-lg-oled77g1psa,2876240,2899990,23750,-1,2717990,2717990,2717990,2899990,2899990,2899990,2899990,2899990,2899990,2899990,2899990,2899990,2899990,2899990,2899990,2798990,2798990,2798990,2798990,2899990,2899990,2899990,2899990,2899990,2899990,2899990,2899990,2899990,2899990,2899990,2899990,2899990,2899990,2899990,2899990,2899990,2899990,2899990,2899990,2899990,2899990
115338,Samsung QN50LS01TA,QLED,"50.0""",4k Ultra HD (3840x2160),Sí,https://www.solotodo.cl/products/115338-samsung-qn50ls01ta,644065,649990,5925,-1,611990,611990,611990,649990,649990,649990,639990,639990,639990,649990,649990,649990,649990,649990,649990,638990,629990,629990,629990,638990,638990,649990,649990,649990,649990,649990,649990,649990,649990,649990,649990,649990,649990,649990,649990,649990,649990,649990,649990,649990,649990
106067,LG OLED65C1PSA,OLED,"65.0""",4k Ultra HD (3840x2160),Sí,https://www.solotodo.cl/products/106067-lg-oled65c1psa,1386290,1399990,13700,-1,1313990,1313990,1313990,1389990,1389990,1389990,1399990,1399990,1399990,1399990,1399990,1399990,1399990,1399990,1399990,1349990,1349990,1349990,1349990,1399990,1399990,1399990,1399990,1399990,1399990,1389990,1389990,1389990,1389990,1389990,1389990,1399990,1399990,1399990,1399990,1399990,1399990,1399990,1399990,1399990,1399990
80161,Samsung QN65Q800T,QLED,"65.0""",8K Full Ultra HD (7680x4320),Sí,https://www.solotodo.cl/products/80161-samsung-qn65q800t,1331240,1349990,18750,-1,1299990,1299990,1299990,1299990,1299990,1299990,1299990,1299990,1349990,1299990,1299990,1299990,1299990,1299990,1299990,1299990,1349990,1349990,1349990,1349990,1349990,1349990,1349990,1349990,1349990,1349990,1349990,1349990,1349990,1349990,1349990,1349990,1349990,1349990,1349990,1349990,1349990,1349990,1349990,1349990,1349990
81439,Samsung QN85Q950TSGXZS,QLED,"85.0""",8K Full Ultra HD (7680x4320),Sí,https://www.solotodo.cl/products/81439-samsung-qn85q950tsgxzs,4209565,4279990,70425,-2,4099990,4099990,4099990,4689990,4689990,4689990,4699990,4699990,4699990,4299990,4299990,4299990,4299990,4299990,4299990,4112990,4103990,4103990,4103990,4103990,4103990,4319990,4319990,4319990,4319990,4319990,4319990,4319990,3999990,2999990,2999990,2999990,4279990,4279990,4279990,4279990,4279990,4279990,4279990,4279990,4279990
110654,Samsung QN43LS03A,QLED,"43.0""",4k Ultra HD (3840x2160),Sí,https://www.solotodo.cl/products/110654-samsung-qn43ls03a,548765,559990,11225,-2,557990,549990,539990,529990,539990,539990,539990,539990,539990,549990,549990,549990,549990,549990,549990,549990,548990,548990,544990,544990,544990,544990,544990,549990,549990,549990,549990,549990,549990,549990,549990,549990,549990,549990,549990,559990,559990,559990,559990,559990,559990
112133,Samsung QN50BWBRU,QLED,"50.0""",4k Ultra HD (3840x2160),Sí,https://www.solotodo.cl/products/112133-samsung-qn50bwbru,665990,679990,14000,-2,679990,679990,669990,669990,669990,669990,649990,649990,649990,649990,649990,669990,669990,669990,669990,669990,669990,649990,649990,649990,649990,669990,669990,669990,669990,669990,669990,669990,669990,669990,669990,669990,669990,669990,669990,669990,669990,669990,669990,669990,679990
106320,Samsung QN60Q60A,QLED,"60.0""",4k Ultra HD (3840x2160),Sí,https://www.solotodo.cl/products/106320-samsung-qn60q60a,576890,589990,13100,-2,512990,512990,512990,539990,539990,539990,589990,589990,589990,589990,589990,589990,589990,589990,589990,575990,566990,566990,566990,589990,589990,589990,589990,589990,589990,589990,589990,589990,579990,579990,579990,579990,579990,579990,589990,589990,589990,589990,589990,589990,589990
111651,Samsung QN75LS03A,QLED,"75.0""",4k Ultra HD (3840x2160),Sí,https://www.solotodo.cl/products/111651-samsung-qn75ls03a,1222090,1249990,27900,-2,1286990,1286990,1199990,1159990,1159990,1159990,1159990,1159990,1159990,1199990,1199990,1199990,1199990,1199990,1199990,1199990,1199990,1199990,1199990,1199990,1199990,1249990,1249990,1249990,1249990,1249990,1249990,1249990,1249990,1249990,1249990,1249990,1249990,1249990,1249990,1249990,1249990,1249990,1249990,1249990,1249990
108152,LG OLED65G1PSA,OLED,"65.0""",4k Ultra HD (3840x2160),Sí,https://www.solotodo.cl/products/108152-lg-oled65g1psa,1848365,1899990,51625,-3,1754990,1754990,1754990,1879990,1879990,1879990,1849990,1849990,1849990,1849990,1849990,1849990,1849990,1849990,1849990,1844990,1844990,1844990,1844990,1839990,1839990,1839990,1839990,1839990,1839990,1839990,1839990,1839990,1839990,1839990,1839990,1869990,1869990,1869990,1869990,1869990,1869990,1899990,1899990,1899990,1899990
106167,Samsung QN65Q70A,QLED,"65.0""",4k Ultra HD (3840x2160),Sí,https://www.solotodo.cl/products/106167-samsung-qn65q70a,777490,799990,22500,-3,829990,829990,829990,829990,819990,819990,799990,799990,739990,739990,739990,739990,739990,739990,739990,739990,739990,739990,739990,739990,739990,739990,739990,739990,769990,769990,769990,769990,759990,759990,799990,799990,799990,819990,819990,819990,819990,819990,799990,799990,799990
111001,LG 75NANO75SPA,NanoCell,"75.0""",4k Ultra HD (3840x2160),Sí,https://www.solotodo.cl/products/111001-lg-75nano75spa,851590,879990,28400,-3,827990,827990,827990,879990,849990,849990,849990,749990,749990,849990,849990,849990,849990,849990,849990,829990,829990,849990,849990,849990,849990,849990,829990,829990,849990,849990,829990,879990,879990,879990,879990,879990,879990,879990,879990,879990,889990,879990,879990,879990,879990
107904,Samsung QN75QN85A,QLED,"75.0""",4k Ultra HD (3840x2160),Sí,https://www.solotodo.cl/products/107904-samsung-qn75qn85a,1741540,1799990,58450,-3,1691990,1691990,1691990,1699990,1799990,1799990,1779990,1779990,1779990,1799990,1799990,1799990,1799990,1799990,1799990,1745990,1599990,1599990,1599990,1599990,1599990,1599990,1599990,1599990,1599990,1799990,1799990,1799990,1799990,1799990,1799990,1799990,1799990,1799990,1799990,1799990,1799990,1799990,1799990,1799990,1799990
86377,Samsung QN55Q700TA,QLED,"55.0""",8K Full Ultra HD (7680x4320),Sí,https://www.solotodo.cl/products/86377-samsung-qn55q700ta,1044065,1079990,35925,-3,999990,999990,1016990,1069990,1069990,1069990,1079990,1079990,1079990,1079990,1079990,1079990,1079990,1079990,1079990,1043990,1043990,1043990,1043990,999990,999990,999990,1069990,1069990,1069990,1069990,1069990,1069990,999990,1069990,1069990,999990,999990,999990,999990,1079990,999990,999990,999990,999990,1079990
108252,LG OLED55A1PSA,OLED,"55.0""",4k Ultra HD (3840x2160),Sí,https://www.solotodo.cl/products/108252-lg-oled55a1psa,617340,639990,22650,-4,579990,579990,579990,579990,579990,579990,599990,569990,569990,599990,599990,649990,579990,579990,579990,599990,638990,638990,634990,639990,639990,639990,639990,634990,634990,634990,629990,629990,629990,629990,629990,639990,639990,638990,638990,638990,638990,639990,639990,639990,639990
105634,Samsung QN65QN85A,QLED,"65.0""",4k Ultra HD (3840x2160),Sí,https://www.solotodo.cl/products/105634-samsung-qn65qn85a,1080465,1149990,69525,-6,939990,939990,939990,939990,959990,959990,959990,959990,959990,959990,959990,959990,959990,1149990,1149990,1115990,1106990,1106990,1106990,1115990,1115990,1149990,1149990,1149990,1149990,1149990,1149990,1149990,1149990,1149990,1149990,1149990,1149990,1149990,1149990,1149990,1149990,1149990,1149990,1149990,1149990
107896,Samsung QN75Q70A,QLED,"75.0""",4k Ultra HD (3840x2160),Sí,https://www.solotodo.cl/products/107896-samsung-qn75q70a,1027490,1099990,72500,-7,999990,999990,1289990,1289990,1099990,1099990,1099990,1099990,1099990,999990,999990,999990,999990,999990,999990,999990,999990,999990,999990,979990,979990,979990,979990,979990,979990,979990,979990,979990,999990,999990,999990,999990,999990,999990,999990,999990,999990,1049990,1049990,1099990,1099990
78481,Samsung QN55Q60T,QLED,"55.0""",4k Ultra HD (3840x2160),Sí,https://www.solotodo.cl/products/78481-samsung-qn55q60t,500860,549990,49130,-10,,,,,,,,,,,,,,,,,,484990,484990,484990,484990,484990,484990,484990,484990,484990,484990,469990,469990,469990,469990,469990,469990,549990,549990,549990,549990,549990,549990,549990,549990
116476,LG 70NANO75SPA,NanoCell,"70.0""",4k Ultra HD (3840x2160),Sí,https://www.solotodo.cl/products/116476-lg-70nano75spa,676515,749990,73475,-11,679990,638990,638990,659990,659990,659990,659990,659990,659990,659990,659990,659990,679990,699990,699990,679990,679990,692990,679990,669990,669990,669990,669990,669990,669990,669990,669990,679990,669990,669990,669990,669990,669990,669990,669990,669990,699990,749990,749990,749990,749990
111002,LG 75NANO90SPA,NanoCell,"75.0""",4k Ultra HD (3840x2160),Sí,https://www.solotodo.cl/products/111002-lg-75nano90spa,1151016,1349990,198974,-17,1052990,1052990,1052990,1099990,1099990,1099990,1119990,1119990,1119990,1119990,1119990,1119990,1119990,1119990,1119990,1079990,1079990,1079990,1079990,1099990,1099990,1119990,1119990,1119990,1119990,1099990,1399990,1199990,1199990,1199990,1199990,1199990,,,1149990,1149990,1349990,1349990,1349990,1349990,1349990
79480,Samsung QN50LS03TA,QLED,"50.0""",4k Ultra HD (3840x2160),Sí,https://www.solotodo.cl/products/79480-samsung-qn50ls03ta,529990,679990,150000,-28,,,,,,,,,,,,,,,,,,,,,,,,,,,,,,,,,,,529990,,,,,,679990
111003,LG 75NANO95SPA,NanoCell,"75.0""",8K Full Ultra HD (7680x4320),Sí,https://www.solotodo.cl/products/111003-lg-75nano95spa,1724090,2399990,675900,-39,1899990,1899990,1899990,1899990,1899990,1899990,1599990,1599990,1599990,1599990,1599990,1599990,1599990,1599990,1599990,1565990,1565990,1565990,1565990,1649990,1649990,1649990,1649990,1649990,1649990,1649990,1649990,1649990,1649990,1649990,1649990,1649990,1649990,1649990,1649990,1649990,1649990,2399990,2399990,2399990,2399990
114419,Samsung QN82Q60T,QLED,"82,0""",4k Ultra HD (3840x2160),Sí,https://www.solotodo.cl/products/114419-samsung-qn82q60t,1215615,1849990,634375,-52,1299990,1299990,1199990,1199990,1199990,1199990,1199990,1199990,1199990,1199990,1199990,1199990,1199990,1199990,1199990,1199990,1199990,1199990,1199990,1199990,1199990,1199990,1199990,1199990,1199990,1199990,1199990,1199990,1199990,,,,,,,,,1299990,1299990,1299990,1849990
107908,Samsung QN65QN90A,QLED,"65.0""",4k Ultra HD (3840x2160),Sí,https://www.solotodo.cl/products/107908-samsung-qn65qn90a,1130490,1899990,769500,-68,999990,999990,999990,999990,999990,999990,999990,999990,999990,999990,999990,999990,999990,999990,999990,999990,999990,999990,999990,999990,999990,999990,999990,1269990,1269990,1269990,1269990,1269990,1269990,1269990,1269990,1269990,1269990,1899990,1269990,1269990,1269990,1269990,1269990,1269990,1899990
79955,LG 75NANO90SNA,NanoCell,"75.0""",4k Ultra HD (3840x2160),Sí,https://www.solotodo.cl/products/79955-lg-75nano90sna,1155207,,,,1149990,1149990,1149990,1149990,1149990,1149990,1399990,1399990,,1399990,,,1119990,1119990,1119990,,1119990,,1119990,1119990,1119990,1119990,,1119990,,1119990,1119990,,,,,,,,1049990,1049990,1049990,,,,
81013,LG OLED65CXPSA,OLED,"65.0""",4k Ultra HD (3840x2160),Sí,https://www.solotodo.cl/products/81013-lg-oled65cxpsa,1799990,,,,,,,,,,,,,,,,,,,,,,,,,,,,,,,,,,,,,,1799990,1799990,1799990,,,,
80477,LG 65NANO86SNA,NanoCell,"65.0""",4k Ultra HD (3840x2160),Sí,https://www.solotodo.cl/products/80477-lg-65nano86sna,789990,,,,,,,,,,,,,,,,,,,,,,,,,,,,,,,,,,,,,,789990,789990,789990,,,,
81724,LG 55NANO86SNA,NanoCell,"55.0""",4k Ultra HD (3840x2160),Sí,https://www.solotodo.cl/products/81724-lg-55nano86sna,529990,,,,,,,,,,,,,,,,,,,,,,,,,,,,,,,,,,,,,,529990,529990,529990,,,,
85044,LG 55NANO79SNA,NanoCell,"55.0""",4k Ultra HD (3840x2160),Sí,https://www.solotodo.cl/products/85044-lg-55nano79sna,399990,,,,,,,,,,,,,,,,,,,,,399990,399990,,,,399990,399990,399990,399990,399990,399990,,,,,,,,399990,399990,,,,
61985,LG OLED65B9PSB,OLED,"65.0""",4k Ultra HD (3840x2160),Sí,https://www.solotodo.cl/products/61985-lg-oled65b9psb,1549990,,,,,,,,,,,,,,,,,,,,,,,,,,,,,,,,,,,,,,,1549990,1549990,,,,
111007,LG 86NANO75SPA,NanoCell,"86,0""",4k Ultra HD (3840x2160),Sí,https://www.solotodo.cl/products/111007-lg-86nano75spa,1451925,,,,1399990,1399990,1419990,1399990,1399990,1399990,1419990,1419990,1419990,1419990,1419990,1419990,1419990,1399990,1399990,1349990,1349990,1349990,1349990,1399990,1399990,1399990,1399990,1949990,1949990,1399990,1399990,1949990,,,,,1399990,1399990,1399990,,,,,,
84555,Samsung VG43BWQN43TA,QLED,"43.0""",4k Ultra HD (3840x2160),Sí,https://www.solotodo.cl/products/84555-samsung-vg43bwqn43ta,639990,,,,,,,,,,,,,,,,,,,,,,,,,,,,,,,,639990,639990,639990,,,,,,,,,,
123179,Samsung QN55LST7TA + Soporte de Pared WMN4070TT,QLED,"55.0""",4k Ultra HD (3840x2160),Sí,https://www.solotodo.cl/products/123179-samsung-qn55lst7ta-soporte-de-pared-wmn4070tt,1768561,,,,1899990,1899990,1899990,1899990,1899990,1899990,1899990,1899990,1899990,1899990,1899990,1899990,1599990,1599990,1599990,1599990,1599990,1599990,1599990,1599990,1599990,1599990,1599990,1879990,1879990,1879990,1879990,1599990,,,,,,,,,,,,,
126376,LG 55NANO80SPA + Soundbar LG SJ2,NanoCell,"55.0""",4k Ultra HD (3840x2160),Sí,https://www.solotodo.cl/products/126376-lg-55nano80spa-soundbar-lg-sj2,518172,,,,,,,,,549990,549990,549990,549990,549990,549990,549990,549990,549990,549990,549990,549990,,479990,479990,479990,479990,479990,479990,479990,479990,479990,479990,,,,,,,,,,,,,
126371,LG 55NANO75SPA + Soundbar LG SJ2,NanoCell,"55.0""",4k Ultra HD (3840x2160),Sí,https://www.solotodo.cl/products/126371-lg-55nano75spa-soundbar-lg-sj2,482717,,,,,,,,,499990,499990,499990,499990,499990,499990,499990,499990,499990,499990,499990,499990,,469990,469990,469990,469990,469990,469990,449990,449990,449990,449990,,,,,,,,,,,,,
126379,LG 50NANO75SPA + Soundbar LG SJ2,NanoCell,"50.0""",4k Ultra HD (3840x2160),Sí,https://www.solotodo.cl/products/126379-lg-50nano75spa-soundbar-lg-sj2,427263,,,,,,,,,449990,449990,449990,449990,449990,449990,449990,449990,449990,449990,449990,449990,,399990,399990,399990,399990,399990,399990,399990,399990,399990,399990,,,,,,,,,,,,,
126373,LG 50NANO80SPA + Soundbar LG SJ2,NanoCell,"50.0""",4k Ultra HD (3840x2160),Sí,https://www.solotodo.cl/products/126373-lg-50nano80spa-soundbar-lg-sj2,464535,,,,,,,,,479990,479990,479990,479990,479990,479990,479990,479990,479990,479990,479990,479990,,449990,449990,449990,449990,449990,449990,439990,439990,439990,439990,,,,,,,,,,,,,
116371,LG OLED55C1PSA + Audífonos LG TONE Free FN4,OLED,"55.0""",4k Ultra HD (3840x2160),Sí,https://www.solotodo.cl/products/116371-lg-oled55c1psa-audifonos-lg-tone-free-fn4,1002491,,,,999999,999999,999999,1059990,1059990,1059990,1059990,1059990,1059990,1059990,1059990,1059990,1059990,1059990,1059990,949990,949990,949990,949990,949990,949990,949990,949990,949990,949990,949990,949990,949990,,,,,,,,,,,,,
126374,LG 65NANO75SPA + Soundbar LG SJ2,NanoCell,"65.0""",4k Ultra HD (3840x2160),Sí,https://www.solotodo.cl/products/126374-lg-65nano75spa-soundbar-lg-sj2,627263,,,,,,,,,649990,649990,649990,649990,649990,649990,649990,649990,649990,649990,649990,649990,,599990,599990,599990,599990,599990,599990,599990,599990,599990,599990,,,,,,,,,,,,,
126377,LG 65NANO80SPA + Soundbar LG SJ2,NanoCell,"65.0""",4k Ultra HD (3840x2160),Sí,https://www.solotodo.cl/products/126377-lg-65nano80spa-soundbar-lg-sj2,727263,,,,,,,,,749990,749990,749990,749990,749990,749990,749990,749990,749990,749990,749990,749990,,699990,699990,699990,699990,699990,699990,699990,699990,699990,699990,,,,,,,,,,,,,
117600,Samsung QN50LS03A + Marco Beige,QLED,"50.0""",4k Ultra HD (3840x2160),Sí,https://www.solotodo.cl/products/117600-samsung-qn50ls03a-marco-beige,675347,,,,719990,719990,649990,649990,649990,649990,649990,649990,679990,679990,679990,679990,679990,679990,679990,679990,679990,679990,679990,679990,679990,679990,679990,679990,679990,679990,679990,649990,,,,,,,,,,,,,
113714,Samsung QN50LS03A + Marco Marrón,QLED,"50.0""",4k Ultra HD (3840x2160),Sí,https://www.solotodo.cl/products/113714-samsung-qn50ls03a-marco-marron,675347,,,,719990,719990,649990,649990,649990,649990,649990,649990,679990,679990,679990,679990,679990,679990,679990,679990,679990,679990,679990,679990,679990,679990,679990,679990,679990,679990,679990,649990,,,,,,,,,,,,,
113399,Samsung QN55LS03A + Marco Blanco,QLED,"55.0""",4k Ultra HD (3840x2160),Sí,https://www.solotodo.cl/products/113399-samsung-qn55ls03a-marco-blanco,753836,,,,799990,799990,,,749990,749990,749990,749990,779990,779990,779990,779990,779990,779990,779990,779990,729990,729990,729990,729990,729990,729990,729990,729990,729990,729990,729990,729990,,,,,,,,,,,,,
113400,Samsung QN55LS03A + Marco Marrón,QLED,"55.0""",4k Ultra HD (3840x2160),Sí,https://www.solotodo.cl/products/113400-samsung-qn55ls03a-marco-marron,753836,,,,799990,799990,,,749990,749990,749990,749990,779990,779990,779990,779990,779990,779990,779990,779990,729990,729990,729990,729990,729990,729990,729990,729990,729990,729990,729990,729990,,,,,,,,,,,,,
113396,Samsung QN55LS03A + Marco Coral Bizelado,QLED,"55.0""",4k Ultra HD (3840x2160),Sí,https://www.solotodo.cl/products/113396-samsung-qn55ls03a-marco-coral-bizelado,753561,,,,799990,799990,749990,749990,749990,749990,749990,749990,779990,779990,779990,779990,779990,779990,779990,779990,729990,729990,729990,729990,729990,729990,729990,729990,729990,729990,729990,729990,,,,,,,,,,,,,
113397,Samsung QN55LS03A + Marco Blanco Bizelado,QLED,"55.0""",4k Ultra HD (3840x2160),Sí,https://www.solotodo.cl/products/113397-samsung-qn55ls03a-marco-blanco-bizelado,753561,,,,799990,799990,749990,749990,749990,749990,749990,749990,779990,779990,779990,779990,779990,779990,779990,779990,729990,729990,729990,729990,729990,729990,729990,729990,729990,729990,729990,729990,,,,,,,,,,,,,
118406,LG OLED48C1PSA + Audífonos LG TONE Free FN4,OLED,"48.0""",4k Ultra HD (3840x2160),Sí,https://www.solotodo.cl/products/118406-lg-oled48c1psa-audifonos-lg-tone-free-fn4,640919,,,,611990,611990,611990,649990,649990,649990,649990,649990,649990,649990,649990,649990,649990,649990,649990,629990,629990,629990,629990,649990,649990,649990,649990,649990,649990,629990,629990,629990,,,,,,,,,,,,,
81044,Samsung VG43BWQN43TA + Marco Nogal,QLED,"43.0""",4k Ultra HD (3840x2160),Sí,https://www.solotodo.cl/products/81044-samsung-vg43bwqn43ta-marco-nogal,648390,,,,,,,639990,639990,639990,639990,639990,849990,639990,639990,639990,639990,639990,639990,639990,639990,639990,639990,639990,639990,639990,639990,639990,639990,639990,639990,639990,,,,,,,,,,,,,
121966,Samsung QN65LST7TA + Soporte de Pared WMN4070TT,QLED,"65.0""",4k Ultra HD (3840x2160),Sí,https://www.solotodo.cl/products/121966-samsung-qn65lst7ta-soporte-de-pared-wmn4070tt,2353204,,,,2359990,2359990,2359990,2359990,2359990,2359990,2359990,2359990,2359990,2359990,2359990,2359990,2359990,2359990,2359990,2359990,2339990,2339990,2339990,2339990,2339990,2339990,2339990,2349990,2349990,2349990,2349990,2349990,,,,,,,,,,,,,
122846,Samsung QN55QN90A + Soundbar HW-Q900A + Speaker SWA-9500S,QLED,"55.0""",4k Ultra HD (3840x2160),Sí,https://www.solotodo.cl/products/122846-samsung-qn55qn90a-soundbar-hw-q900a-speaker-swa-9500s,1479990,,,,1479990,1479990,1479990,1479990,1479990,1479990,1479990,1479990,1479990,1479990,1479990,1479990,1479990,1479990,1479990,1479990,1479990,1479990,1479990,1479990,1479990,1479990,1479990,1479990,1479990,1479990,1479990,1479990,,,,,,,,,,,,,
109207,"Samsung QN75QN85A + TV QLED 32"" The Frame",QLED,"75.0""",4k Ultra HD (3840x2160),Sí,https://www.solotodo.cl/products/109207-samsung-qn75qn85a-tv-qled-32-the-frame,2899990,,,,2899990,2899990,2899990,2899990,2899990,2899990,2899990,2899990,2899990,2899990,2899990,2899990,2899990,2899990,2899990,2899990,2899990,2899990,2899990,2899990,2899990,2899990,2899990,2899990,2899990,2899990,2899990,2899990,,,,,,,,,,,,,
122841,Samsung QN55Q70A + Soundbar HW-Q700A + Speaker SWA-9500S,QLED,"55.0""",4k Ultra HD (3840x2160),Sí,https://www.solotodo.cl/products/122841-samsung-qn55q70a-soundbar-hw-q700a-speaker-swa-9500s,999980,,,,,,,,999980,999980,999980,999980,999980,999980,999980,999980,999980,999980,999980,999980,999980,999980,999980,999980,999980,999980,999980,999980,999980,999980,999980,999980,,,,,,,,,,,,,
127254,Samsung QN75LST7TA + Soporte de Pared WMN4070TT,QLED,"75.0""",4k Ultra HD (3840x2160),Sí,https://www.solotodo.cl/products/127254-samsung-qn75lst7ta-soporte-de-pared-wmn4070tt,3099990,,,,,,,,,,,,,,,,,,,3099990,3099990,3099990,3099990,3099990,3099990,3099990,3099990,3099990,3099990,3099990,3099990,3099990,,,,,,,,,,,,,
122209,Samsung QN50BWBRU + Marco Café Clásico,QLED,"50.0""",4k Ultra HD (3840x2160),Sí,https://www.solotodo.cl/products/122209-samsung-qn50bwbru-marco-cafe-clasico,749990,,,,749990,749990,749990,749990,749990,749990,749990,749990,749990,749990,749990,749990,749990,749990,749990,749990,749990,749990,749990,749990,749990,749990,749990,749990,749990,749990,749990,749990,,,,,,,,,,,,,
122839,Samsung QN50Q60A + Soundbar HW-Q700A + Speaker SWA-9500S,QLED,"50.0""",4k Ultra HD (3840x2160),Sí,https://www.solotodo.cl/products/122839-samsung-qn50q60a-soundbar-hw-q700a-speaker-swa-9500s,769980,,,,,,,,769980,769980,769980,769980,769980,769980,769980,769980,769980,769980,769980,769980,769980,769980,769980,769980,769980,769980,769980,769980,769980,769980,769980,769980,,,,,,,,,,,,,
122851,Samsung QN75Q70A + Soundbar HW-Q700A + Speaker SWA-9500S,QLED,"75.0""",4k Ultra HD (3840x2160),Sí,https://www.solotodo.cl/products/122851-samsung-qn75q70a-soundbar-hw-q700a-speaker-swa-9500s,1519980,,,,,,,,1519980,1519980,1519980,1519980,1519980,1519980,1519980,1519980,1519980,1519980,1519980,1519980,1519980,1519980,1519980,1519980,1519980,1519980,1519980,1519980,1519980,1519980,1519980,1519980,,,,,,,,,,,,,
122852,Samsung QN75QN85A + Soundbar HW-Q900A + Speaker SWA-9500S,QLED,"75.0""",4k Ultra HD (3840x2160),Sí,https://www.solotodo.cl/products/122852-samsung-qn75qn85a-soundbar-hw-q900a-speaker-swa-9500s,2599980,,,,2599980,2599980,2599980,2599980,2599980,2599980,2599980,2599980,2599980,2599980,2599980,2599980,2599980,2599980,2599980,2599980,2599980,2599980,2599980,2599980,2599980,2599980,2599980,2599980,2599980,2599980,2599980,2599980,,,,,,,,,,,,,
122210,Samsung QN55BWBRU + Marco Café Clásico,QLED,"55.0""",4k Ultra HD (3840x2160),Sí,https://www.solotodo.cl/products/122210-samsung-qn55bwbru-marco-cafe-clasico,849990,,,,849990,849990,849990,849990,849990,849990,849990,849990,849990,849990,849990,849990,849990,849990,849990,849990,849990,849990,849990,849990,849990,849990,849990,849990,849990,849990,849990,849990,,,,,,,,,,,,,
109203,"Samsung QN65QN85A + TV QLED 32"" The Frame",QLED,"65.0""",4k Ultra HD (3840x2160),Sí,https://www.solotodo.cl/products/109203-samsung-qn65qn85a-tv-qled-32-the-frame,1799990,,,,1799990,1799990,1799990,1799990,1799990,1799990,1799990,1799990,1799990,1799990,1799990,1799990,1799990,1799990,1799990,1799990,1799990,1799990,1799990,1799990,1799990,1799990,1799990,1799990,1799990,1799990,1799990,1799990,,,,,,,,,,,,,
118172,Samsung QN65Q80A + Soundbar Samsung HW-Q700A,QLED,"65.0""",4k Ultra HD (3840x2160),Sí,https://www.solotodo.cl/products/118172-samsung-qn65q80a-soundbar-samsung-hw-q700a,1899980,,,,,,,,1899980,1899980,1899980,1899980,1899980,1899980,1899980,1899980,1899980,1899980,1899980,1899980,1899980,1899980,1899980,1899980,1899980,1899980,1899980,1899980,1899980,1899980,1899980,1899980,,,,,,,,,,,,,
122844,Samsung QN85QN85A + Soundbar HW-Q900A + Speaker SWA-9500S,QLED,"85.0""",4k Ultra HD (3840x2160),Sí,https://www.solotodo.cl/products/122844-samsung-qn85qn85a-soundbar-hw-q900a-speaker-swa-9500s,3269980,,,,3269980,3269980,3269980,3269980,3269980,3269980,3269980,3269980,3269980,3269980,3269980,3269980,3269980,3269980,3269980,3269980,3269980,3269980,3269980,3269980,3269980,3269980,3269980,3269980,3269980,3269980,3269980,3269980,,,,,,,,,,,,,
124021,Samsung QN55Q60A + Soundbar HW-Q700A + Speaker SWA-9500S,QLED,"55.0""",4k Ultra HD (3840x2160),Sí,https://www.solotodo.cl/products/124021-samsung-qn55q60a-soundbar-hw-q700a-speaker-swa-9500s,869980,,,,,,,,869980,869980,869980,869980,869980,869980,869980,869980,869980,869980,869980,869980,869980,869980,869980,869980,869980,869980,869980,869980,869980,869980,869980,869980,,,,,,,,,,,,,
91956,Samsung QN65LST7TA + Soundbar Samsung HW-LST70T + Soporte Pared,QLED,"65.0""",4k Ultra HD (3840x2160),Sí,https://www.solotodo.cl/products/91956-samsung-qn65lst7ta-soundbar-samsung-hw-lst70t-soporte-pared,2499990,,,,2499990,2499990,2499990,2499990,2499990,2499990,2499990,2499990,2499990,2499990,2499990,2499990,2499990,2499990,2499990,2499990,2499990,2499990,2499990,2499990,2499990,2499990,2499990,2499990,2499990,2499990,2499990,2499990,,,,,,,,,,,,,
109212,Samsung QN85QN85A + TV QLED 32'' The Frame + Marco Marrón,QLED,"85.0""",4k Ultra HD (3840x2160),Sí,https://www.solotodo.cl/products/109212-samsung-qn85qn85a-tv-qled-32-the-frame-marco-marron,3999990,,,,3999990,3999990,3999990,3999990,3999990,3999990,3999990,3999990,3999990,3999990,3999990,3999990,3999990,3999990,3999990,3999990,3999990,3999990,3999990,3999990,3999990,3999990,3999990,3999990,3999990,3999990,3999990,3999990,,,,,,,,,,,,,
122849,Samsung QN50QN90A + Soundbar HW-Q900A + Speaker SWA-9500S,QLED,"50.0""",4k Ultra HD (3840x2160),Sí,https://www.solotodo.cl/products/122849-samsung-qn50qn90a-soundbar-hw-q900a-speaker-swa-9500s,1549980,,,,1549980,1549980,1549980,1549980,1549980,1549980,1549980,1549980,1549980,1549980,1549980,1549980,1549980,1549980,1549980,1549980,1549980,1549980,1549980,1549980,1549980,1549980,1549980,1549980,1549980,1549980,1549980,1549980,,,,,,,,,,,,,
122850,Samsung QN65Q70A + Soundbar HW-Q700A + Speaker SWA-9500S,QLED,"65.0""",4k Ultra HD (3840x2160),Sí,https://www.solotodo.cl/products/122850-samsung-qn65q70a-soundbar-hw-q700a-speaker-swa-9500s,1149980,,,,,,,,1149980,1149980,1149980,1149980,1149980,1149980,1149980,1149980,1149980,1149980,1149980,1149980,1149980,1149980,1149980,1149980,1149980,1149980,1149980,1149980,1149980,1149980,1149980,1149980,,,,,,,,,,,,,
109201,Samsung QN85QN85A + Soundbar Samsung HW-Q800T,QLED,"85.0""",4k Ultra HD (3840x2160),Sí,https://www.solotodo.cl/products/109201-samsung-qn85qn85a-soundbar-samsung-hw-q800t,3299990,,,,3299990,3299990,3299990,3299990,3299990,3299990,3299990,3299990,3299990,3299990,3299990,3299990,3299990,3299990,3299990,3299990,3299990,3299990,3299990,3299990,3299990,3299990,3299990,3299990,3299990,3299990,3299990,3299990,,,,,,,,,,,,,
108776,"Samsung QN55QN85A + TV QLED 32"" The Frame",QLED,"55.0""",4k Ultra HD (3840x2160),Sí,https://www.solotodo.cl/products/108776-samsung-qn55qn85a-tv-qled-32-the-frame,1499990,,,,1499990,1499990,1499990,1499990,1499990,1499990,1499990,1499990,1499990,1499990,1499990,1499990,1499990,1499990,1499990,1499990,1499990,1499990,1499990,1499990,1499990,1499990,1499990,1499990,1499990,1499990,1499990,1499990,,,,,,,,,,,,,
122926,Samsung QN75LS03A + Marco Café Clásico,QLED,"75.0""",4k Ultra HD (3840x2160),Sí,https://www.solotodo.cl/products/122926-samsung-qn75ls03a-marco-cafe-clasico,1499990,,,,1499990,1499990,1499990,1499990,1499990,1499990,1499990,1499990,1499990,1499990,1499990,1499990,1499990,1499990,1499990,1499990,1499990,1499990,1499990,1499990,1499990,1499990,1499990,1499990,1499990,1499990,1499990,1499990,,,,,,,,,,,,,
122845,Samsung QN55Q80A + Soundbar HW-Q700A + Speaker SWA-9500S,QLED,"55.0""",4k Ultra HD (3840x2160),Sí,https://www.solotodo.cl/products/122845-samsung-qn55q80a-soundbar-hw-q700a-speaker-swa-9500s,1099980,,,,,,,,1099980,1099980,1099980,1099980,1099980,1099980,1099980,1099980,1099980,1099980,1099980,1099980,1099980,1099980,1099980,1099980,1099980,1099980,1099980,1099980,1099980,1099980,1099980,1099980,,,,,,,,,,,,,
122207,Samsung QN85QN800A + Soundbar Samsung HW-Q800T,QLED,"85.0""",8K Full Ultra HD (7680x4320),Sí,https://www.solotodo.cl/products/122207-samsung-qn85qn800a-soundbar-samsung-hw-q800t,4499990,,,,4499990,4499990,4499990,4499990,4499990,4499990,4499990,4499990,4499990,4499990,4499990,4499990,4499990,4499990,4499990,4499990,4499990,4499990,4499990,4499990,4499990,4499990,4499990,4499990,4499990,4499990,4499990,4499990,,,,,,,,,,,,,
118405,LG OLED48A1PSA + Audífonos LG TONE Free FN4,OLED,"48.0""",4k Ultra HD (3840x2160),Sí,https://www.solotodo.cl/products/118405-lg-oled48a1psa-audifonos-lg-tone-free-fn4,497061,,,,485990,485990,485990,499990,499990,499990,489990,499990,499990,499990,499990,499990,499990,499990,499990,489990,494990,489990,494990,499990,499990,499990,499990,499990,499990,499990,499990,499990,,,,,,,,,,,,,
94645,Samsung QN75LST7TA + Soundbar Samsung HW-LST70T + Soporte Pared,QLED,"75.0""",4k Ultra HD (3840x2160),Sí,https://www.solotodo.cl/products/94645-samsung-qn75lst7ta-soundbar-samsung-hw-lst70t-soporte-pared,2982097,,,,2999990,2999990,2999990,2999990,2999990,2999990,2999990,2999990,2999990,2989990,2989990,2989990,2989990,2989990,2989990,2999990,2852990,2852990,2852990,2999990,2999990,2999990,2999990,2999990,2999990,2999990,2999990,2999990,,,,,,,,,,,,,
91246,Samsung QN55LST7TA + Soundbar Samsung HW-LST70T + Soporte Pared,QLED,"55.0""",4k Ultra HD (3840x2160),Sí,https://www.solotodo.cl/products/91246-samsung-qn55lst7ta-soundbar-samsung-hw-lst70t-soporte-pared,1974847,,,,1880990,1880990,1880990,1999990,1999990,1999990,1999990,1999990,1999990,1989990,1989990,1989990,1989990,1989990,1989990,1934990,1925990,1925990,1925990,1999990,1999990,1999990,1999990,1999990,1999990,1999990,1999990,1999990,,,,,,,,,,,,,
113411,Samsung QN75LS03A + Marco Blanco,QLED,"75.0""",4k Ultra HD (3840x2160),Sí,https://www.solotodo.cl/products/113411-samsung-qn75ls03a-marco-blanco,1357133,,,,1399990,1399990,1199990,1199990,1199990,1199990,1199990,1199990,1399990,1399990,1399990,1399990,1399990,1399990,1399990,1399990,1399990,1399990,1399990,1399990,1399990,1399990,1399990,1399990,1399990,1399990,1399990,1399990,,,,,,,,,,,,,
113412,Samsung QN75LS03A + Marco Beige,QLED,"75.0""",4k Ultra HD (3840x2160),Sí,https://www.solotodo.cl/products/113412-samsung-qn75ls03a-marco-beige,1357133,,,,1399990,1399990,1199990,1199990,1199990,1199990,1199990,1199990,1399990,1399990,1399990,1399990,1399990,1399990,1399990,1399990,1399990,1399990,1399990,1399990,1399990,1399990,1399990,1399990,1399990,1399990,1399990,1399990,,,,,,,,,,,,,
113413,Samsung QN75LS03A + Marco Marrón,QLED,"75.0""",4k Ultra HD (3840x2160),Sí,https://www.solotodo.cl/products/113413-samsung-qn75ls03a-marco-marron,1357133,,,,1399990,1399990,1199990,1199990,1199990,1199990,1199990,1199990,1399990,1399990,1399990,1399990,1399990,1399990,1399990,1399990,1399990,1399990,1399990,1399990,1399990,1399990,1399990,1399990,1399990,1399990,1399990,1399990,,,,,,,,,,,,,
113409,Samsung QN65LS03A + Marco Marrón,QLED,"65.0""",4k Ultra HD (3840x2160),Sí,https://www.solotodo.cl/products/113409-samsung-qn65ls03a-marco-marron,1015990,,,,999990,999990,,,1099990,1099990,1099990,1099990,999990,999990,999990,999990,999990,999990,999990,999990,999990,999990,999990,999990,999990,999990,999990,999990,999990,999990,999990,,,,,,,,,,,,,,
78424,Samsung QN55LS01TA,QLED,"55.0""",4k Ultra HD (3840x2160),Sí,https://www.solotodo.cl/products/78424-samsung-qn55ls01ta,749990,,,,749990,749990,749990,749990,749990,749990,749990,749990,749990,749990,749990,749990,749990,749990,749990,749990,749990,749990,749990,749990,749990,749990,749990,749990,749990,749990,749990,,,,,,,,,,,,,,
113408,Samsung QN65LS03A + Marco Beige,QLED,"65.0""",4k Ultra HD (3840x2160),Sí,https://www.solotodo.cl/products/113408-samsung-qn65ls03a-marco-beige,991990,,,,999990,999990,,,949990,949990,949990,949990,999990,999990,999990,999990,999990,999990,999990,999990,999990,999990,999990,999990,999990,999990,999990,999990,999990,999990,999990,,,,,,,,,,,,,,
113406,Samsung QN65LS03A + Marco Blanco,QLED,"65.0""",4k Ultra HD (3840x2160),Sí,https://www.solotodo.cl/products/113406-samsung-qn65ls03a-marco-blanco,991990,,,,999990,999990,,,949990,949990,949990,949990,999990,999990,999990,999990,999990,999990,999990,999990,999990,999990,999990,999990,999990,999990,999990,999990,999990,999990,999990,,,,,,,,,,,,,,
113404,Samsung QN65LS03A + Marco Blanco Bizelado,QLED,"65.0""",4k Ultra HD (3840x2160),Sí,https://www.solotodo.cl/products/113404-samsung-qn65ls03a-marco-blanco-bizelado,991990,,,,999990,999990,,,949990,949990,949990,949990,999990,999990,999990,999990,999990,999990,999990,999990,999990,999990,999990,999990,999990,999990,999990,999990,999990,999990,999990,,,,,,,,,,,,,,
113402,Samsung QN65LS03A + Marco Coral Bizelado,QLED,"65.0""",4k Ultra HD (3840x2160),Sí,https://www.solotodo.cl/products/113402-samsung-qn65ls03a-marco-coral-bizelado,988879,,,,999990,999990,949990,949990,949990,949990,949990,949990,999990,999990,999990,999990,999990,999990,999990,999990,999990,999990,999990,999990,999990,999990,999990,999990,999990,999990,999990,,,,,,,,,,,,,,
122925,Samsung QN65LS03A + Marco Café Clásico,QLED,"65.0""",4k Ultra HD (3840x2160),Sí,https://www.solotodo.cl/products/122925-samsung-qn65ls03a-marco-cafe-clasico,1099990,,,,1099990,1099990,1099990,1099990,1099990,1099990,1099990,1099990,1099990,1099990,1099990,1099990,1099990,1099990,1099990,1099990,1099990,1099990,1099990,1099990,1099990,1099990,1099990,1099990,1099990,,,,,,,,,,,,,,,,
122848,Samsung QN65QN90A + Soundbar HW-Q900A + Speaker SWA-9500S,QLED,"65.0""",4k Ultra HD (3840x2160),Sí,https://www.solotodo.cl/products/122848-samsung-qn65qn90a-soundbar-hw-q900a-speaker-swa-9500s,1629990,,,,1629990,1629990,1629990,1629990,1629990,1629990,1629990,1629990,1629990,1629990,1629990,1629990,1629990,1629990,1629990,1629990,1629990,1629990,1629990,1629990,1629990,1629990,1629990,,,,,,,,,,,,,,,,,,
124022,Samsung QN85Q70A + Soundbar HW-Q700A + Speaker SWA-9500S,QLED,"85.0""",4k Ultra HD (3840x2160),Sí,https://www.solotodo.cl/products/124022-samsung-qn85q70a-soundbar-hw-q700a-speaker-swa-9500s,1919980,,,,,,,,1919980,1919980,1919980,1919980,1919980,1919980,1919980,1919980,1919980,1919980,1919980,1919980,1919980,1919980,,,,,,,,,,,,,,,,,,,,,,,
107897,Samsung QN85Q70A,QLED,"85.0""",4k Ultra HD (3840x2160),Sí,https://www.solotodo.cl/products/107897-samsung-qn85q70a,1599990,,,,1599990,1599990,1599990,1599990,1599990,1599990,1599990,1599990,1599990,1599990,1599990,1599990,1599990,1599990,1599990,1599990,1599990,1599990,,,,,,,,,,,,,,,,,,,,,,,
66539,LG OLED55B9PSB,OLED,"55.0""",4k Ultra HD (3840x2160),Sí,https://www.solotodo.cl/products/66539-lg-oled55b9psb,869990,,,,,,,,,,869990,869990,869990,869990,,,,,,,,,,,,,,,,,,,,,,,,,,,,,,,
85043,LG 50NANO79SNA,NanoCell,"50.0""",4k Ultra HD (3840x2160),Sí,https://www.solotodo.cl/products/85043-lg-50nano79sna,379990,,,,,,,,,,379990,379990,,,,,,,,,,,,,,,,,,,,,,,,,,,,,,,,,
113395,Samsung QN43LS03A + Marco Marrón,QLED,"43.0""",4k Ultra HD (3840x2160),Sí,https://www.solotodo.cl/products/113395-samsung-qn43ls03a-marco-marron,573323,,,,619990,619990,549990,549990,549990,549990,,,,,,,,,,,,,,,,,,,,,,,,,,,,,,,,,,,
114103,Samsung QN43LS03A + Marco Beige,QLED,"43.0""",4k Ultra HD (3840x2160),Sí,https://www.solotodo.cl/products/114103-samsung-qn43ls03a-marco-beige,549990,,,,,,,549990,549990,549990,,,,,,,,,,,,,,,,,,,,,,,,,,,,,,,,,,,
122208,Samsung QN43BWBRU + Marco Café Clásico,QLED,"43.0""",4k Ultra HD (3840x2160),Sí,https://www.solotodo.cl/products/122208-samsung-qn43bwbru-marco-cafe-clasico,649990,,,,649990,649990,649990,649990,649990,649990,,,,,,,,,,,,,,,,,,,,,,,,,,,,,,,,,,,
110989,LG 65NANO95SPA,NanoCell,"65.0""",8K Full Ultra HD (7680x4320),Sí,https://www.solotodo.cl/products/110989-lg-65nano95spa,1249990,,,,1249990,,,,,,,,,,,,,,,,,,,,,,,,,,,,,,,,,,,,,,,,
