id,name,type,power,capacity,url,price,diff price,diff percent,28/11/21,29/11/21,30/11/21,01/12/21,02/12/21
18471,Samsung ME83X/XZS,Microondas,800 W.,23 L.,https://www.solotodo.cl/products/18471-samsung-me83xxzs,89990,15000,17,99990,,,79990,74990
92965,Wurden WOV-LUFT30,Horno eléctrico,1800 W.,30 L.,https://www.solotodo.cl/products/92965-wurden-wov-luft30,99990,10000,10,99990,99990,99990,99990,89990
30072,Samsung MS23K3513AK,Microondas,800 W.,23 L.,https://www.solotodo.cl/products/30072-samsung-ms23k3513ak,59740,1750,3,59990,59990,57990,60990,57990
92328,Samsung MG30T5018CN,Microondas,1400 W.,30 L.,https://www.solotodo.cl/products/92328-samsung-mg30t5018cn,159990,0,0,159990,159990,159990,159990,159990
63548,Wurden WMW-20DSILVER,Microondas,1200 W.,20 L.,https://www.solotodo.cl/products/63548-wurden-wmw-20dsilver,44990,0,0,44990,44990,44990,44990,44990
104259,Toyotomi HN1522-KR,Horno eléctrico,1500 W.,22 L.,https://www.solotodo.cl/products/104259-toyotomi-hn1522-kr,46990,0,0,46990,46990,46990,46990,46990
82836,Wurden WOV-KONVEKT30,Horno eléctrico,1500 W.,30 L.,https://www.solotodo.cl/products/82836-wurden-wov-konvekt30,49990,0,0,49990,49990,49990,49990,49990
38794,Ursus Trotter UT-BACKOFEN48,Horno eléctrico,1800 W.,48 L.,https://www.solotodo.cl/products/38794-ursus-trotter-ut-backofen48,79990,0,0,79990,79990,79990,79990,79990
82453,Wurden WOV-KONVEKT40,Horno eléctrico,1500 W.,40 L.,https://www.solotodo.cl/products/82453-wurden-wov-konvekt40,59990,0,0,59990,59990,59990,59990,59990
104258,Toyotomi HN1532-KR,Horno eléctrico,1500 W.,32 L.,https://www.solotodo.cl/products/104258-toyotomi-hn1532-kr,69990,0,0,69990,69990,69990,69990,69990
38795,Ursus Trotter UT-BACKOFEN38,Horno eléctrico,1800 W.,38 L.,https://www.solotodo.cl/products/38795-ursus-trotter-ut-backofen38,71990,0,0,71990,71990,71990,71990,71990
28600,Samsung MC32K7055CT/ZS,Microondas,1400 W.,32 L.,https://www.solotodo.cl/products/28600-samsung-mc32k7055ctzs,219990,0,0,219990,219990,219990,219990,219990
81050,Hyundai HY28N,Horno eléctrico,1500 W.,28 L.,https://www.solotodo.cl/products/81050-hyundai-hy28n,29990,0,0,29990,29990,29990,29990,29990
81048,Hyundai HY65N,Horno eléctrico,2200 W.,65 L.,https://www.solotodo.cl/products/81048-hyundai-hy65n,69990,0,0,69990,69990,69990,69990,69990
42758,Wurden WEO-60,Horno eléctrico,Desconocido,60 L.,https://www.solotodo.cl/products/42758-wurden-weo-60,79990,0,0,79990,79990,79990,79990,79990
78893,Samsung MG30T5018CE,Microondas,1400 W.,30 L.,https://www.solotodo.cl/products/78893-samsung-mg30t5018ce,159990,0,0,159990,159990,159990,159990,159990
86102,Wurden WMW-GANZ34,Microondas,1500 W.,34 L.,https://www.solotodo.cl/products/86102-wurden-wmw-ganz34,119990,0,0,119990,119990,119990,119990,119990
67489,Wurden WEO-25,Horno eléctrico,1500 W.,25 L.,https://www.solotodo.cl/products/67489-wurden-weo-25,29990,0,0,29990,29990,29990,29990,29990
42759,Wurden WEO-100,Horno eléctrico,Desconocido,100 L.,https://www.solotodo.cl/products/42759-wurden-weo-100,99990,0,0,99990,99990,99990,99990,99990
17650,Wurden WMWO-25D,Microondas,Desconocido,25 L.,https://www.solotodo.cl/products/17650-wurden-wmwo-25d,76990,0,0,76990,76990,76990,76990,76990
66723,Samsung FG87SUB/ZS,Microondas,800 W.,23 L.,https://www.solotodo.cl/products/66723-samsung-fg87subzs,239990,0,0,239990,239990,239990,239990,239990
23886,Samsung MG402MADXBB/ZS,Microondas,900 W.,40 L.,https://www.solotodo.cl/products/23886-samsung-mg402madxbbzs,157490,-2500,-2,149990,159990,159990,159990,159990
92329,Samsung MG30T5018CK,Microondas,1400 W.,30 L.,https://www.solotodo.cl/products/92329-samsung-mg30t5018ck,152490,-7500,-5,149990,149990,149990,159990,159990
12333,Samsung ME0113MB1/XZS,Microondas,1100 W.,32 L.,https://www.solotodo.cl/products/12333-samsung-me0113mb1xzs,81490,-4500,-6,79990,79990,79990,85990,85990
43534,Ursus Trotter UT-BACKOFEN26,Horno eléctrico,1500 W.,26 L.,https://www.solotodo.cl/products/43534-ursus-trotter-ut-backofen26,37492,-2498,-7,34993,34993,39990,39990,39990
81049,Hyundai HY35N,Horno eléctrico,2000 W.,35 L.,https://www.solotodo.cl/products/81049-hyundai-hy35n,41240,-3750,-9,39990,39990,39990,44990,44990
79252,Bosch HMT72G450,Microondas,800 W.,17 L.,https://www.solotodo.cl/products/79252-bosch-hmt72g450,76990,-8000,-10,79990,79990,79990,67990,84990
33254,Ursus Trotter UT-25KROMM,Microondas,Desconocido,25 L.,https://www.solotodo.cl/products/33254-ursus-trotter-ut-25kromm,76492,-8498,-11,69993,69993,84990,80990,84990
18308,Samsung MS28F303TAS/ZS,Microondas,1000 W.,28 L.,https://www.solotodo.cl/products/18308-samsung-ms28f303taszs,69240,-8750,-13,69990,69990,69990,66990,77990
99069,Ursus Trotter UT-BACKOFEN60 + Cafetera Ursus Trotter UT-KAFFEEKLASSIK,Horno eléctrico,2200 W.,60 L.,https://www.solotodo.cl/products/99069-ursus-trotter-ut-backofen60-cafetera-ursus-trotter-ut-kaffeeklassik,149985,-19995,-13,129990,129990,169980,169980,169980
28687,Ursus Trotter UT-ELEGANZ930,Microondas,Desconocido,30 L.,https://www.solotodo.cl/products/28687-ursus-trotter-ut-eleganz930,95240,-14750,-15,92990,92990,104990,89990,109990
42754,Ursus Trotter UT-SYDNEY18,Microondas,700 W.,20 L.,https://www.solotodo.cl/products/42754-ursus-trotter-ut-sydney18,50992,-8998,-18,41993,41993,59990,59990,59990
18022,Wurden WMWO-30D,Microondas,Desconocido,30 L.,https://www.solotodo.cl/products/18022-wurden-wmwo-30d,84990,-15000,-18,84990,84990,84990,84990,99990
28688,Ursus Trotter UT-CLASSY720,Microondas,Desconocido,20 L.,https://www.solotodo.cl/products/28688-ursus-trotter-ut-classy720,58742,-11248,-19,52493,52493,69990,59990,69990
42863,Ursus Trotter UT-LEIF36,Horno eléctrico,1500 W.,36 L.,https://www.solotodo.cl/products/42863-ursus-trotter-ut-leif36,58742,-16248,-28,52493,52493,64990,64990,74990
38540,Ursus Trotter UT-BACKOFEN60,Horno eléctrico,2200 W.,60 L.,https://www.solotodo.cl/products/38540-ursus-trotter-ut-backofen60,91992,-27998,-30,83993,83993,99990,99990,119990
99856,Samsung MG402MADXBB/GI,Microondas,900 W.,40 L.,https://www.solotodo.cl/products/99856-samsung-mg402madxbbgi,141657,,,149990,149990,124990,,
