id,name,type,frosting,liters refrigerator,liters frezzer,efficiency,Kwh/month,url,price,diff price,diff percent,19/11/21,20/11/21,22/11/21,23/11/21,24/11/21,25/11/21,26/11/21,28/11/21,29/11/21,30/11/21,01/12/21,02/12/21
65346,Maigas HD-463FWEN,top freezer,No Frost,255,85,A+,25.47,https://www.solotodo.cl/products/65346-maigas-hd-463fwen,331808,31818,10,349990,349990,349990,349990,349990,349990,349990,299990,299990,299990,299990,299990
69169,Midea MRFS-3560S463FW,top freezer,No Frost,253,84,A+,25.5,https://www.solotodo.cl/products/69169-midea-mrfs-3560s463fw,287263,17273,6,299990,299990,299990,299990,299990,299990,279990,269990,269990,269990,269990,269990
51312,Mademsa Altus 1430,top freezer,No Frost,330,95,A+,29.1,https://www.solotodo.cl/products/51312-mademsa-altus-1430,424535,24545,6,429990,429990,429990,429990,429990,429990,429990,429990,429990,399990,399990,399990
73196,Fensa DF56S,top freezer,No Frost,346,128,A+,33.69,https://www.solotodo.cl/products/73196-fensa-df56s,534490,25500,5,,,,,,,,559990,559990,508990,508990,508990
24860,Samsung RT46K6631SL,top freezer,No Frost,341,111,A+,26.3,https://www.solotodo.cl/products/24860-samsung-rt46k6631sl,500958,23258,5,503650,503650,503650,503650,503650,503650,503650,503650,503650,499990,477700,477700
119742,Samsung RT48A6640B1,top freezer,No Frost,346,111,A+,Desconocido,https://www.solotodo.cl/products/119742-samsung-rt48a6640b1,607991,28000,5,719990,719990,,579991,579991,579991,579991,579991,579991,579991,579991,579991
78584,Samsung RT38K50AJS8/ZS,top freezer,No Frost,298,87,A+,23.84,https://www.solotodo.cl/products/78584-samsung-rt38k50ajs8zs,376354,16364,4,379990,379990,379990,379990,379990,379990,379990,379990,379990,359990,359990,359990
24574,Samsung RT35K5730SL,top freezer,No Frost,272,89,A+,23.42,https://www.solotodo.cl/products/24574-samsung-rt35k5730sl,402741,12751,3,417090,417090,417090,417090,417090,394750,389990,389990,389990,389990,389990,389990
84691,Hisense RD-49WRD,top freezer,No Frost,286,89,A+,25.64,https://www.solotodo.cl/products/84691-hisense-rd-49wrd,390899,10909,3,389990,389990,389990,389990,389990,389990,389990,389990,389990,389990,399990,379990
52580,Mademsa Altus 1430W,top freezer,No Frost,330,95,A+,29.1,https://www.solotodo.cl/products/52580-mademsa-altus-1430w,428172,8182,2,429990,429990,429990,429990,429990,429990,429990,429990,429990,419990,419990,419990
69192,Fensa DW44S,top freezer,No Frost,288,112,A,33.8,https://www.solotodo.cl/products/69192-fensa-dw44s,417263,7273,2,419990,419990,419990,419990,419990,419990,409990,409990,409990,419990,419990,409990
84690,Hisense RD-60WRD,top freezer,No Frost,366,100,A++,22.6,https://www.solotodo.cl/products/84690-hisense-rd-60wrd,457263,7273,2,469990,469990,469990,469990,449990,449990,449990,449990,449990,449990,449990,449990
102401,Samsung RB38T636DB1/ZS,bottom freezer,No Frost,264,112,A++,20.1,https://www.solotodo.cl/products/102401-samsung-rb38t636db1zs,555445,5455,1,549990,549990,549990,569990,549990,549990,549990,559990,559990,569990,549990,549990
41502,Winia RGE-X41DF,top freezer,No Frost,287,103,A+,27.86,https://www.solotodo.cl/products/41502-winia-rge-x41df,421808,1818,0,419990,419990,419990,419990,419990,419990,419990,429990,429990,419990,419990,419990
124534,Samsung RT44A6540S9,top freezer,No Frost,308,111,A+,27.12,https://www.solotodo.cl/products/124534-samsung-rt44a6540s9,639990,0,0,,,,,639990,639990,,,,,639990,639990
79674,Whirlpool WRM45AKDWC,top freezer,No Frost,289,86,A,31.5,https://www.solotodo.cl/products/79674-whirlpool-wrm45akdwc,399900,0,0,399900,399900,399900,399900,399900,399900,399900,399900,399900,399900,399900,399900
79672,Whirlpool WRM45ABDWC,top freezer,No Frost,289,86,A,31.5,https://www.solotodo.cl/products/79672-whirlpool-wrm45abdwc,399900,0,0,399900,399900,399900,399900,399900,399900,399900,399900,399900,399900,399900,399900
124398,Mabe RMP400FHUG1,top freezer,No Frost,287,103,A+,27,https://www.solotodo.cl/products/124398-mabe-rmp400fhug1,369990,0,0,369990,369990,369990,369990,369990,369990,369990,369990,369990,369990,369990,369990
61988,LG LT44AGP,top freezer,No Frost,328,117,A+,30,https://www.solotodo.cl/products/61988-lg-lt44agp,559990,0,0,559990,559990,559990,559990,559990,559990,559990,559990,559990,559990,559990,559990
90870,Teka RBF-78720 GWH,bottom freezer,No Frost,330,128,A+,31.92,https://www.solotodo.cl/products/90870-teka-rbf-78720-gwh,879990,0,0,,,,,,,,879990,879990,879990,879990,879990
90956,Teka RBF-78720 GBK,bottom freezer,No Frost,330,128,A+,31.92,https://www.solotodo.cl/products/90956-teka-rbf-78720-gbk,869990,0,0,,,869990,,,,,869990,869990,869990,869990,869990
90843,Teka RBF-78720 SS,bottom freezer,No Frost,330,128,A+,31.92,https://www.solotodo.cl/products/90843-teka-rbf-78720-ss,799990,0,0,799990,799990,799990,799990,,,799990,799990,799990,799990,799990,799990
79605,Whirlpool WRM57AKDWC,top freezer,No Frost,396,104,A+,30.53,https://www.solotodo.cl/products/79605-whirlpool-wrm57akdwc,699900,0,0,699900,699900,699900,699900,699900,699900,699900,699900,699900,699900,699900,699900
124533,Samsung RT48A6640S9,top freezer,No Frost,346,111,A+,28.6,https://www.solotodo.cl/products/124533-samsung-rt48a6640s9,699990,0,0,,,,,699990,699990,,,,,699990,699990
67376,Sindelen RDNF-4000IN,top freezer,No Frost,295,104,A+,25.3,https://www.solotodo.cl/products/67376-sindelen-rdnf-4000in,569990,0,0,569990,569990,569990,569990,569990,569990,569990,569990,569990,569990,569990,569990
39026,Winia RGE-X49DF,top freezer,No Frost,353,115,A,30.9,https://www.solotodo.cl/products/39026-winia-rge-x49df,569990,0,0,569990,569990,569990,569990,569990,569990,569990,569990,569990,569990,569990,569990
124396,Mabe RMP410FZUC,top freezer,No Frost,287,103,A+,27,https://www.solotodo.cl/products/124396-mabe-rmp410fzuc,469990,0,0,469990,469990,469990,469990,469990,469990,469990,469990,469990,469990,469990,469990
36565,Samsung RT46K6631BS,top freezer,No Frost,341,111,A+,26.3,https://www.solotodo.cl/products/36565-samsung-rt46k6631bs,539990,0,0,539990,539990,539990,539990,539990,539990,539990,539990,539990,539990,539990,539990
26311,Samsung RT43K6231SL/ZS,top freezer,No Frost,329,111,A+,23.9,https://www.solotodo.cl/products/26311-samsung-rt43k6231slzs,499990,0,0,499990,499990,499990,499990,499990,499990,499990,499990,499990,499990,499990,499990
117632,Bosch KGN56XIDP,bottom freezer,No Frost,400,108,A++,17.5,https://www.solotodo.cl/products/117632-bosch-kgn56xidp,619990,0,0,619990,619990,619990,619990,619990,619990,619990,619990,619990,619990,619990,619990
63228,Fensa Advantage 5700E,top freezer,No Frost,329,102,A+,29.59,https://www.solotodo.cl/products/63228-fensa-advantage-5700e,469081,-909,-0,469990,469990,469990,469990,469990,469990,459990,469990,469990,469990,469990,469990
101721,Samsung RB36T602FB1/ZS,bottom freezer,No Frost,262,98,A+,Desconocido,https://www.solotodo.cl/products/101721-samsung-rb36t602fb1zs,492263,-2727,-1,494990,494990,494990,494990,494990,494990,484990,484990,484990,494990,494990,494990
76560,Samsung RL4003SBAS8,bottom freezer,No Frost,300,102,A+,23.5,https://www.solotodo.cl/products/76560-samsung-rl4003sbas8,514535,-5455,-1,519990,519990,519990,519990,519990,499990,499990,499990,519990,519990,519990,519990
37556,LG LT44SGP,top freezer,No Frost,321,117,A+,23.85,https://www.solotodo.cl/products/37556-lg-lt44sgp,509081,-15909,-3,549990,549990,499990,499990,499990,499990,499990,499990,499990,499990,499990,524990
36709,Samsung RL4363SBABS/ZS,bottom freezer,No Frost,300,132,A+,25,https://www.solotodo.cl/products/36709-samsung-rl4363sbabszs,622717,-27273,-4,649990,649990,649990,649990,649990,649990,349990,649990,649990,649990,649990,649990
51597,Mabe RMP400FZUC,top freezer,No Frost,287,103,A+,27,https://www.solotodo.cl/products/51597-mabe-rmp400fzuc,400899,-19091,-5,389990,389990,389990,389990,389990,389990,389990,419990,419990,419990,419990,419990
91043,Oster OS-BNF21300BD,top freezer,No Frost,260,79,A+,25.8,https://www.solotodo.cl/products/91043-oster-os-bnf21300bd,402717,-27273,-7,399990,399990,399990,399990,399990,399990,399990,399990,399990,399990,429990,429990
65344,Maigas HD-520FW,top freezer,No Frost,281,90,A+,25.17,https://www.solotodo.cl/products/65344-maigas-hd-520fw,389090,-100900,-26,379000,379000,379000,379000,379000,379000,379000,379000,379000,379000,489990,489990
124400,Fensa DW44S + Hervidor Black360 HE420,top freezer,No Frost,288,112,A,33.8,https://www.solotodo.cl/products/124400-fensa-dw44s-hervidor-black360-he420,458262,-182718,-40,439990,439990,439990,439990,439990,439990,439990,439990,439990,439990,640980,640980
91766,Bosch KGN56LBF0N,bottom freezer,No Frost,400,105,A++,24,https://www.solotodo.cl/products/91766-bosch-kgn56lbf0n,680990,,,689990,689990,689990,689990,689990,689990,689990,659990,659990,659990,,
66395,Mabe RMP400FHUG,top freezer,No Frost,287,103,A+,27,https://www.solotodo.cl/products/66395-mabe-rmp400fhug,339990,,,339990,339990,339990,339990,,,339990,339990,,,,
