id,name,type,brand,power,url,price,diff price,diff percent,28/11/21,29/11/21,30/11/21,01/12/21,02/12/21
67950,JBL JR POP - Blue,Parlante Portátil Bluetooth,JBL,3 W.,https://www.solotodo.cl/products/67950-jbl-jr-pop-blue,25740,6892,27,24990,25990,25990,25990,18848
83645,Sony HT-S20R,Soundbar,Sony,400 W.,https://www.solotodo.cl/products/83645-sony-ht-s20r,119990,20000,17,119990,119990,119990,119990,99990
112937,JBL PartyBox On-The-Go (JBLPARTYBOXGOBBR2),Parlante Portátil / Karaoke,JBL,100 W.,https://www.solotodo.cl/products/112937-jbl-partybox-on-the-go-jblpartyboxgobbr2,179990,30000,17,179990,179990,179990,179990,149990
82581,JBL 306P MKII,Parlante Tradicional,JBL,112 W.,https://www.solotodo.cl/products/82581-jbl-306p-mkii,239990,27000,11,219990,219990,259990,259990,212990
73019,JBL One Series 104 (J104),Parlantes PC,JBL,60 W.,https://www.solotodo.cl/products/73019-jbl-one-series-104-j104,179990,20000,11,179990,179990,179990,179990,159990
64638,JBL Stage A120 (Negro),Parlante Tradicional,JBL,,https://www.solotodo.cl/products/64638-jbl-stage-a120-negro,144945,15045,10,129900,129900,159990,159990,129900
88973,Sony SRS-XB23/C Taupe,Parlante Portátil Bluetooth,Sony,20 W.,https://www.solotodo.cl/products/88973-sony-srs-xb23c-taupe,69990,5001,7,69990,69990,69990,69990,64989
87906,JBL EON ONE Compact,Caja Activa,JBL,150 W.,https://www.solotodo.cl/products/87906-jbl-eon-one-compact,645990,39000,6,645990,645990,645990,645990,606990
88065,JBL Boombox 2 - Negro (JBLBOOMBOX2BLKAM),Parlante Portátil Bluetooth,JBL,60 W.,https://www.solotodo.cl/products/88065-jbl-boombox-2-negro-jblboombox2blkam,392490,22500,6,449990,449990,299990,369990,369990
85714,Sony SRS-XB43/B Black,Parlante Portátil Bluetooth,Sony,,https://www.solotodo.cl/products/85714-sony-srs-xb43b-black,139990,5000,4,139990,139990,139990,139990,134990
67891,Sony PS-LX310BT,Tornamesa,Sony,,https://www.solotodo.cl/products/67891-sony-ps-lx310bt,144990,5000,3,149990,149990,139990,139990,139990
92971,JBL Flip Essential - Negro,Parlante Portátil Bluetooth,JBL,16 W.,https://www.solotodo.cl/products/92971-jbl-flip-essential-negro,61990,2000,3,62990,64990,59990,59990,59990
46373,Sony HT-S100F,Soundbar,Sony,120 W.,https://www.solotodo.cl/products/46373-sony-ht-s100f,77490,2500,3,74990,79989,79989,74990,74990
94216,Mackie CR5-XBT,Parlante Tradicional,Mackie,80 W.,https://www.solotodo.cl/products/94216-mackie-cr5-xbt,280490,5500,2,274990,274990,274990,296990,274990
60907,JBL 305P MkII,Parlante Tradicional,JBL,,https://www.solotodo.cl/products/60907-jbl-305p-mkii,135431,1520,1,133911,133911,133911,139990,133911
90834,Mackie CR4-XBT,Parlante Tradicional,Mackie,50 W.,https://www.solotodo.cl/products/90834-mackie-cr4-xbt,197990,2000,1,199990,199990,195990,195990,195990
88755,Sony HT-G700,Soundbar,Sony,400 W.,https://www.solotodo.cl/products/88755-sony-ht-g700,201740,1750,1,206990,206990,206990,185990,199990
89415,Mackie CR4-X,Parlante Tradicional,Mackie,50 W.,https://www.solotodo.cl/products/89415-mackie-cr4-x,168990,1000,1,169990,169990,167990,167990,167990
115275,Bose SoundLink Revolve+ II - Triple Black,Parlante Inteligente,Bose,,https://www.solotodo.cl/products/115275-bose-soundlink-revolve-ii-triple-black,299490,1500,1,299990,299990,299990,297990,297990
120052,JBL Charge Essential,Parlante Portátil Bluetooth,JBL,20 W.,https://www.solotodo.cl/products/120052-jbl-charge-essential,109990,0,0,109990,109990,109990,109990,109990
65910,Bose SoundLink Color II Amarillo (752195-0900),Parlante Portátil Bluetooth,Bose,,https://www.solotodo.cl/products/65910-bose-soundlink-color-ii-amarillo-752195-0900,104990,0,0,104990,104990,104990,104990,104990
89233,Sony SRS-XB33/LC Azul,Parlante Portátil Bluetooth,Sony,30 W.,https://www.solotodo.cl/products/89233-sony-srs-xb33lc-azul,99990,0,0,99990,99990,99990,99990,99990
70809,JBL Link Music - Negro,Parlante Inteligente,JBL,20 W.,https://www.solotodo.cl/products/70809-jbl-link-music-negro,114990,0,0,114990,114990,114990,114990,114990
83845,Sony MHC-V13,Minicomponente,Sony,,https://www.solotodo.cl/products/83845-sony-mhc-v13,149990,0,0,149990,149990,149990,149990,149990
113388,JBL Charge 5 Negro (JBLCHARGE5BLKAM),Parlante Portátil Bluetooth,JBL,30 W.,https://www.solotodo.cl/products/113388-jbl-charge-5-negro-jblcharge5blkam,116990,0,0,116990,116990,116990,116990,116990
51855,JBL Go 2 Gris,Parlante Portátil Bluetooth,JBL,3 W.,https://www.solotodo.cl/products/51855-jbl-go-2-gris,29600,0,0,29600,29600,29600,29600,29600
59437,Sony MHC-V02,Minicomponente,Sony,80 W.,https://www.solotodo.cl/products/59437-sony-mhc-v02,124990,0,0,124990,124990,124990,124990,124990
56783,JBL Charge 4 (Azul),Parlante Portátil Bluetooth,JBL,30 W.,https://www.solotodo.cl/products/56783-jbl-charge-4-azul,154990,0,0,154990,154990,154990,154990,154990
81262,RCF HD 32-A MK4,Caja Activa,RCF,700 W.,https://www.solotodo.cl/products/81262-rcf-hd-32-a-mk4,1190000,0,0,1190000,1190000,1190000,1190000,1190000
103536,JBL Clip 4 - Azul (JBLCLIP4BLUAM),Parlante Portátil Bluetooth,JBL,5 W.,https://www.solotodo.cl/products/103536-jbl-clip-4-azul-jblclip4bluam,44990,0,0,44990,44990,44990,44990,44990
49327,Bose SoundLink Revolve Negro (739523-1110 / 739523-2110),Parlante Portátil Bluetooth,Bose,,https://www.solotodo.cl/products/49327-bose-soundlink-revolve-negro-739523-1110-739523-2110,149990,0,0,149990,149990,149990,149990,149990
112841,JBL Stage A130 (Negro),Parlante Tradicional,JBL,20 W.,https://www.solotodo.cl/products/112841-jbl-stage-a130-negro,149900,0,0,149900,149900,149900,149900,149900
83220,JBL Selenium C521 P,Parlante Tradicional,JBL,40 W.,https://www.solotodo.cl/products/83220-jbl-selenium-c521-p,141990,0,0,141990,141990,141990,141990,141990
60784,Bose SoundLink Mini II (Negro),Parlante Portátil Bluetooth,Bose,,https://www.solotodo.cl/products/60784-bose-soundlink-mini-ii-negro,139990,0,0,139990,139990,139990,139990,139990
65973,Sony HT-S350,Soundbar,Sony,320 W.,https://www.solotodo.cl/products/65973-sony-ht-s350,139990,0,0,139990,139990,139990,139990,139990
65699,JBL Flip 5 - Verde,Parlante Portátil Bluetooth,JBL,20 W.,https://www.solotodo.cl/products/65699-jbl-flip-5-verde,89990,0,0,89990,89990,89990,89990,89990
56788,JBL Charge 4 (Rojo),Parlante Portátil Bluetooth,JBL,30 W.,https://www.solotodo.cl/products/56788-jbl-charge-4-rojo,119990,0,0,119990,119990,119990,119990,119990
88972,Sony SRS-XB23/R Coral Red,Parlante Portátil Bluetooth,Sony,20 W.,https://www.solotodo.cl/products/88972-sony-srs-xb23r-coral-red,89990,0,0,89990,89990,89990,89990,89990
95013,JBL Go 3 (Azul),Parlante Portátil Bluetooth,JBL,4 W.,https://www.solotodo.cl/products/95013-jbl-go-3-azul,29990,0,0,29990,29990,29990,29990,29990
56784,JBL Charge 4 (Mostaza),Parlante Portátil Bluetooth,JBL,30 W.,https://www.solotodo.cl/products/56784-jbl-charge-4-mostaza,127990,0,0,127990,127990,127990,127990,127990
103824,Mackie CR8-XBT,Parlante Tradicional,Mackie,160 W.,https://www.solotodo.cl/products/103824-mackie-cr8-xbt,409990,0,0,409990,409990,409990,409990,409990
104748,JBL Cinema SB160 (JBLSB160BLKEP),Soundbar,JBL,220 W.,https://www.solotodo.cl/products/104748-jbl-cinema-sb160-jblsb160blkep,152990,0,0,152990,152990,152990,152990,152990
79755,RCF HD 10-A MK4,Caja Activa,RCF,400 W.,https://www.solotodo.cl/products/79755-rcf-hd-10-a-mk4,538000,0,0,538000,538000,538000,538000,538000
113387,JBL Charge 5 Rojo (JBLCHARGE5REDAM),Parlante Portátil Bluetooth,JBL,40 W.,https://www.solotodo.cl/products/113387-jbl-charge-5-rojo-jblcharge5redam,119990,0,0,119990,119990,119990,119990,119990
51851,JBL Go 2 Azul,Parlante Portátil Bluetooth,JBL,3 W.,https://www.solotodo.cl/products/51851-jbl-go-2-azul,22990,0,0,22990,22990,22990,22990,22990
89234,Sony SRS-XB33/BC Negro,Parlante Portátil Bluetooth,Sony,30 W.,https://www.solotodo.cl/products/89234-sony-srs-xb33bc-negro,99990,0,0,99990,99990,99990,99990,99990
65698,JBL Flip 5 - Negro,Parlante Portátil Bluetooth,JBL,20 W.,https://www.solotodo.cl/products/65698-jbl-flip-5-negro,79990,0,0,79990,79990,79990,79990,79990
83219,JBL Selenium C621 B,Parlante Tradicional,JBL,50 W.,https://www.solotodo.cl/products/83219-jbl-selenium-c621-b,199990,0,0,199990,199990,,,199990
67952,JBL JR POP - Pink,Parlante Portátil Bluetooth,JBL,3 W.,https://www.solotodo.cl/products/67952-jbl-jr-pop-pink,25990,0,0,25990,25990,25990,25990,25990
60189,JBL JR POP - Red,Parlante Portátil Bluetooth,JBL,3 W.,https://www.solotodo.cl/products/60189-jbl-jr-pop-red,25990,0,0,25990,25990,25990,25990,25990
51861,JBL Go 2 Azul Marino,Parlante Portátil Bluetooth,JBL,3 W.,https://www.solotodo.cl/products/51861-jbl-go-2-azul-marino,24990,0,0,24990,24990,24990,24990,24990
51860,JBL Go 2 Naranjo,Parlante Portátil Bluetooth,JBL,3 W.,https://www.solotodo.cl/products/51860-jbl-go-2-naranjo,24990,0,0,24990,24990,24990,24990,24990
67951,JBL JR POP - Turquoise,Parlante Portátil Bluetooth,JBL,3 W.,https://www.solotodo.cl/products/67951-jbl-jr-pop-turquoise,25990,0,0,25990,25990,25990,25990,25990
117284,Marshall Emberton (Cream),Parlante Portátil Bluetooth,Marshall,20 W.,https://www.solotodo.cl/products/117284-marshall-emberton-cream,159990,0,0,159990,159990,159990,159990,159990
102243,RCF AYRA PRO5,Parlante Tradicional,RCF,100 W.,https://www.solotodo.cl/products/102243-rcf-ayra-pro5,402990,0,0,402990,402990,,402990,402990
50132,JBL Go 2 Negro,Parlante Portátil Bluetooth,JBL,3 W.,https://www.solotodo.cl/products/50132-jbl-go-2-negro,22990,0,0,22990,22990,22990,22990,22990
57729,JBL Clip 3 - Negro,Parlante Portátil Bluetooth,JBL,3 W.,https://www.solotodo.cl/products/57729-jbl-clip-3-negro,69990,0,0,,69990,69990,69990,69990
65704,JBL Flip 5 - Rojo,Parlante Portátil Bluetooth,JBL,20 W.,https://www.solotodo.cl/products/65704-jbl-flip-5-rojo,77990,0,0,77990,77990,77990,77990,77990
51852,JBL Go 2 Rojo,Parlante Portátil Bluetooth,JBL,3 W.,https://www.solotodo.cl/products/51852-jbl-go-2-rojo,22990,0,0,22990,22990,22990,22990,22990
49330,Bose SoundLink Micro Azul (783342-0500),Parlante Portátil Bluetooth,Bose,,https://www.solotodo.cl/products/49330-bose-soundlink-micro-azul-783342-0500,119990,0,0,119990,119990,119990,119990,119990
53853,JBL Link 10 (JBLLINK10BLKUS),Parlante Portátil Bluetooth,JBL,16 W.,https://www.solotodo.cl/products/53853-jbl-link-10-jbllink10blkus,79990,0,0,79990,79990,79990,79990,79990
66812,Sony SRS-XB22/RC Rojo,Parlante Portátil Bluetooth,Sony,,https://www.solotodo.cl/products/66812-sony-srs-xb22rc-rojo,82990,0,0,82990,82990,82990,82990,82990
65706,JBL Flip 5 - Amarillo,Parlante Portátil Bluetooth,JBL,20 W.,https://www.solotodo.cl/products/65706-jbl-flip-5-amarillo,87990,0,0,87990,87990,87990,87990,87990
103486,JBL Go 3 (Camuflaje),Parlante Portátil Bluetooth,JBL,4 W.,https://www.solotodo.cl/products/103486-jbl-go-3-camuflaje,37990,0,0,37990,37990,37990,37990,37990
103487,JBL Go 3 (Verde oscuro),Parlante Portátil Bluetooth,JBL,4 W.,https://www.solotodo.cl/products/103487-jbl-go-3-verde-oscuro,37990,0,0,37990,37990,37990,37990,37990
92659,JBL Go 3 (Negro),Parlante Portátil Bluetooth,JBL,4 W.,https://www.solotodo.cl/products/92659-jbl-go-3-negro,29990,0,0,29990,29990,29990,29990,29990
53210,Bose Surround Speakers (Negro),Home Theater,Bose,100 W.,https://www.solotodo.cl/products/53210-bose-surround-speakers-negro,299990,0,0,299990,299990,299990,299990,299990
65702,JBL Flip 5 - Azul Marino,Parlante Portátil Bluetooth,JBL,20 W.,https://www.solotodo.cl/products/65702-jbl-flip-5-azul-marino,79990,0,0,79990,79990,79990,79990,79990
103535,JBL Clip 4 - Negro (JBLCLIP4BLKAM),Parlante Portátil Bluetooth,JBL,5 W.,https://www.solotodo.cl/products/103535-jbl-clip-4-negro-jblclip4blkam,39990,0,0,39990,39990,39990,39990,39990
95014,JBL Go 3 (Rojo),Parlante Portátil Bluetooth,JBL,4 W.,https://www.solotodo.cl/products/95014-jbl-go-3-rojo,29990,0,0,29990,29990,29990,29990,29990
49328,Bose SoundLink Micro Negro (783342-0100),Parlante Portátil Bluetooth,Bose,,https://www.solotodo.cl/products/49328-bose-soundlink-micro-negro-783342-0100,99990,0,0,99990,99990,99990,99990,99990
102242,RCF AYRA PRO6,Parlante Tradicional,RCF,120 W.,https://www.solotodo.cl/products/102242-rcf-ayra-pro6,495990,0,0,495990,495990,495990,495990,495990
64641,JBL Stage A170 (Negro),Parlante Tradicional,JBL,,https://www.solotodo.cl/products/64641-jbl-stage-a170-negro,199900,0,0,199900,199900,,,199900
55246,Sony ICF-P26,Radio / Boombox,Sony,,https://www.solotodo.cl/products/55246-sony-icf-p26,15990,0,0,15990,15990,15990,15990,15990
86272,Mackie CR8S-XBT,Subwoofer,Mackie,,https://www.solotodo.cl/products/86272-mackie-cr8s-xbt,439990,0,0,439990,439990,439990,439990,439990
64640,JBL Stage A190 (Negro),Parlante Tradicional,JBL,,https://www.solotodo.cl/products/64640-jbl-stage-a190-negro,349900,0,0,349900,349900,349900,349900,349900
77253,JBL Bar 5.1 Surround,Soundbar,JBL,550 W.,https://www.solotodo.cl/products/77253-jbl-bar-51-surround,399990,0,0,399990,399990,399990,399990,399990
76567,Bose Portable Home Speaker - Blanco (829393-2300),Parlante Inteligente,Bose,,https://www.solotodo.cl/products/76567-bose-portable-home-speaker-blanco-829393-2300,389990,0,0,389990,389990,389990,389990,389990
53209,Bose Bass Module 500 (796145-1100),Subwoofer,Bose,,https://www.solotodo.cl/products/53209-bose-bass-module-500-796145-1100,379990,0,0,379990,379990,379990,379990,379990
59720,Bose Home Speaker 500 - Black,Parlante Inteligente,Bose,,https://www.solotodo.cl/products/59720-bose-home-speaker-500-black,349990,0,0,349990,349990,349990,349990,349990
64642,JBL Stage A100P (Negro),Subwoofer,JBL,150 W.,https://www.solotodo.cl/products/64642-jbl-stage-a100p-negro,349990,0,0,349990,349990,349990,349990,349990
49324,Bose SoundLink Revolve Plus Negro (739617-2110),Parlante Portátil Bluetooth,Bose,,https://www.solotodo.cl/products/49324-bose-soundlink-revolve-plus-negro-739617-2110,326690,0,0,326690,326690,326690,326690,326690
51692,JBL LSR308,Parlante Tradicional,JBL,56 W.,https://www.solotodo.cl/products/51692-jbl-lsr308,319990,0,0,319990,319990,319990,319990,319990
74449,Mackie MR824,Parlante Tradicional,Mackie,85 W.,https://www.solotodo.cl/products/74449-mackie-mr824,309990,0,0,309990,309990,309990,309990,309990
88067,Mackie CR3-XBT,Parlante Tradicional,Mackie,50 W.,https://www.solotodo.cl/products/88067-mackie-cr3-xbt,299990,0,0,299990,299990,299990,299990,299990
56787,JBL Charge 4 (Arena),Parlante Portátil Bluetooth,JBL,30 W.,https://www.solotodo.cl/products/56787-jbl-charge-4-arena,159990,0,0,159990,159990,159990,159990,159990
115276,Bose SoundLink Revolve+ II - Luxe Silver,Parlante Inteligente,Bose,,https://www.solotodo.cl/products/115276-bose-soundlink-revolve-ii-luxe-silver,299990,0,0,299990,299990,299990,299990,299990
57046,JBL Xtreme 2 (Black),Parlante Portátil Bluetooth,JBL,40 W.,https://www.solotodo.cl/products/57046-jbl-xtreme-2-black,279990,0,0,279990,279990,279990,279990,279990
55008,Bose Bass Module 700 BLK,Subwoofer,Bose,,https://www.solotodo.cl/products/55008-bose-bass-module-700-blk,699990,0,0,699990,699990,699990,699990,699990
31317,Bose Acoustimass 300,Parlante Tradicional,Bose,100 W.,https://www.solotodo.cl/products/31317-bose-acoustimass-300,759990,0,0,759990,759990,759990,759990,759990
56792,JBL Charge 4 (Negro),Parlante Portátil Bluetooth,JBL,30 W.,https://www.solotodo.cl/products/56792-jbl-charge-4-negro,154990,0,0,154990,154990,154990,154990,154990
86214,JBL Bar 9.1 (JBLBAR913DBLKAM),Soundbar,JBL,820 W.,https://www.solotodo.cl/products/86214-jbl-bar-91-jblbar913dblkam,799990,0,0,799990,799990,799990,799990,799990
66852,Mackie MR624,Parlante Tradicional,Mackie,65 W.,https://www.solotodo.cl/products/66852-mackie-mr624,899990,0,0,899990,899990,899990,899990,899990
86755,Mackie Freeplay Live,Parlante Portátil Bluetooth,Mackie,150 W.,https://www.solotodo.cl/products/86755-mackie-freeplay-live,739990,0,0,739990,739990,739990,739990,739990
50515,JBL Eon 618,Caja Activa,JBL,500 W.,https://www.solotodo.cl/products/50515-jbl-eon-618,939990,0,0,939990,939990,939990,939990,939990
81533,Mackie Thump18S,Subwoofer,Mackie,600 W.,https://www.solotodo.cl/products/81533-mackie-thump18s,999990,0,0,999990,999990,999990,999990,999990
53102,Bose Soundbar 700,Soundbar,Bose,,https://www.solotodo.cl/products/53102-bose-soundbar-700,709990,0,0,709990,709990,709990,709990,709990
120732,JBL Xtreme 3 - Negro,Parlante Portátil Bluetooth,JBL,25 W.,https://www.solotodo.cl/products/120732-jbl-xtreme-3-negro,281290,0,0,281290,281290,281290,281290,281290
115086,Bose Smart Soundbar 300,Soundbar,Bose,,https://www.solotodo.cl/products/115086-bose-smart-soundbar-300,424990,0,0,424990,424990,424990,424990,424990
68810,Bose Surround Speakers 700 - Negro (834402-1100),Soundtower,Bose,,https://www.solotodo.cl/products/68810-bose-surround-speakers-700-negro-834402-1100,449990,0,0,449990,449990,449990,449990,449990
86592,Mackie SRM450v3,Caja Activa,Mackie,1000 W.,https://www.solotodo.cl/products/86592-mackie-srm450v3,760990,0,0,760990,760990,760990,760990,760990
79602,RCF ART 310-A MK4,Caja Activa,RCF,100 W.,https://www.solotodo.cl/products/79602-rcf-art-310-a-mk4,539000,0,0,539000,539000,539000,539000,539000
91460,JBL Bar 2.1 Deep Bass (JBL2GBAR21DBBLKAM),Soundbar,JBL,300 W.,https://www.solotodo.cl/products/91460-jbl-bar-21-deep-bass-jbl2gbar21dbblkam,206990,0,0,206990,206990,206990,206990,206990
122364,Mackie CR3-XBT (Arctic White),Parlante Tradicional,Mackie,50 W.,https://www.solotodo.cl/products/122364-mackie-cr3-xbt-arctic-white,214990,0,0,,,214990,214990,214990
111666,RCF AYRA 6,Parlante Tradicional,RCF,75 W.,https://www.solotodo.cl/products/111666-rcf-ayra-6,212990,0,0,212990,212990,212990,212990,212990
76266,Bose SoundLink Revolve Gris (739523-5330),Parlante Portátil Bluetooth,Bose,,https://www.solotodo.cl/products/76266-bose-soundlink-revolve-gris-739523-5330,209990,0,0,209990,209990,209990,209990,209990
124828,Mackie CR3-X LTD (Arctic White),Parlante Tradicional,Mackie,50 W.,https://www.solotodo.cl/products/124828-mackie-cr3-x-ltd-arctic-white,199990,0,0,199990,199990,199990,199990,199990
83218,JBL Selenium C621 P,Parlante Tradicional,JBL,50 W.,https://www.solotodo.cl/products/83218-jbl-selenium-c621-p,199990,0,0,199990,199990,199990,199990,199990
119406,Bose SoundLink Revolve II - Triple Black,Parlante Inteligente,Bose,,https://www.solotodo.cl/products/119406-bose-soundlink-revolve-ii-triple-black,189990,0,0,189990,189990,189990,189990,189990
119405,Bose SoundLink Revolve II - Luxe Silver,Parlante Inteligente,Bose,,https://www.solotodo.cl/products/119405-bose-soundlink-revolve-ii-luxe-silver,189990,0,0,189990,189990,189990,189990,189990
113053,JBL Cinema SB130,Soundbar,JBL,110 W.,https://www.solotodo.cl/products/113053-jbl-cinema-sb130,219900,0,0,219900,219900,219900,219900,219900
70600,JBL Stage A125C (Negro),Parlante Tradicional,JBL,,https://www.solotodo.cl/products/70600-jbl-stage-a125c-negro,179900,0,0,179900,179900,179900,179900,179900
124530,Sony HT-S40R,Soundbar,Sony,600 W.,https://www.solotodo.cl/products/124530-sony-ht-s40r,219990,0,0,219990,219990,219990,219990,219990
112819,Marshall Stockwell II - Negro Latón,Parlante Portátil Bluetooth,Marshall,20 W.,https://www.solotodo.cl/products/112819-marshall-stockwell-ii-negro-laton,229990,0,0,229990,229990,229990,229990,229990
88068,Mackie CR3-X,Parlante Tradicional,Mackie,50 W.,https://www.solotodo.cl/products/88068-mackie-cr3-x,169990,0,0,169990,169990,169990,169990,169990
57680,Marshall Acton II (Negro),Parlante Portátil Bluetooth,Marshall,30 W.,https://www.solotodo.cl/products/57680-marshall-acton-ii-negro,239990,0,0,239990,239990,239990,239990,239990
83456,Mackie CR5-X,Parlante Tradicional,Mackie,80 W.,https://www.solotodo.cl/products/83456-mackie-cr5-x,244990,0,0,244990,244990,244990,244990,244990
91461,Bose TV Speaker,Soundbar,Bose,,https://www.solotodo.cl/products/91461-bose-tv-speaker,249990,0,0,249990,249990,249990,249990,249990
65907,Bose Home Speaker 300 - Negro,Parlante Inteligente,Bose,,https://www.solotodo.cl/products/65907-bose-home-speaker-300-negro,249990,0,0,249990,249990,249990,249990,249990
66851,Mackie MR524,Parlante Tradicional,Mackie,50 W.,https://www.solotodo.cl/products/66851-mackie-mr524,254990,0,0,254990,254990,254990,254990,254990
70599,JBL Stage A180 (Negro),Soundtower,JBL,,https://www.solotodo.cl/products/70599-jbl-stage-a180-negro,269900,0,0,269900,269900,269900,269900,269900
57679,Marshall Kilburn II (Negro),Parlante Portátil Bluetooth,Marshall,36 W.,https://www.solotodo.cl/products/57679-marshall-kilburn-ii-negro,269990,0,0,269990,269990,269990,269990,269990
59913,JBL Xtreme 2 (Blue),Parlante Portátil Bluetooth,JBL,40 W.,https://www.solotodo.cl/products/59913-jbl-xtreme-2-blue,224115,-1375,-1,223490,223490,226990,222490,225490
121460,Sony SRS-XB13 - Negro,Parlante Portátil Bluetooth,Sony,13 W.,https://www.solotodo.cl/products/121460-sony-srs-xb13-negro,29740,-250,-1,28990,28990,28990,31990,29990
85811,Sony SRS-XB43/L Blue,Parlante Portátil Bluetooth,Sony,,https://www.solotodo.cl/products/85811-sony-srs-xb43l-blue,133740,-1250,-1,134990,134990,134990,129990,134990
113389,JBL Charge 5 Azul (JBLCHARGE5BLUAM),Parlante Portátil Bluetooth,JBL,40 W.,https://www.solotodo.cl/products/113389-jbl-charge-5-azul-jblcharge5bluam,123740,-1250,-1,119990,124990,124990,124990,124990
95493,JBL 1 Series 104-BT - Negro,Parlantes PC,JBL,60 W.,https://www.solotodo.cl/products/95493-jbl-1-series-104-bt-negro,153352,-2160,-1,146872,146872,146872,172790,155511
81261,JBL 308P MkII,Parlante Tradicional,JBL,56 W.,https://www.solotodo.cl/products/81261-jbl-308p-mkii,314900,-5090,-2,314900,314900,314900,314900,319990
57678,Marshall Stanmore II (Negro),Parlante Portátil Bluetooth,Marshall,50 W.,https://www.solotodo.cl/products/57678-marshall-stanmore-ii-negro,342490,-7500,-2,349990,319990,349990,349990,349990
56790,JBL Charge 4 (Gris),Parlante Portátil Bluetooth,JBL,30 W.,https://www.solotodo.cl/products/56790-jbl-charge-4-gris,151240,-3750,-2,139990,154990,154990,154990,154990
51862,JBL Go 2 Azul Cian,Parlante Portátil Bluetooth,JBL,3 W.,https://www.solotodo.cl/products/51862-jbl-go-2-azul-cian,29240,-750,-3,29990,29990,26990,29990,29990
46380,Sony HT-ST5000,Soundbar,Sony,800 W.,https://www.solotodo.cl/products/46380-sony-ht-st5000,612490,-17500,-3,599990,599990,599990,649990,629990
49180,Sony HT-Z9F,Soundbar,Sony,400 W.,https://www.solotodo.cl/products/49180-sony-ht-z9f,339990,-10000,-3,339990,339990,339990,339990,349990
57730,JBL Clip 3 - Azul,Parlante Portátil Bluetooth,JBL,3 W.,https://www.solotodo.cl/products/57730-jbl-clip-3-azul,57490,-2500,-4,49990,59990,59990,59990,59990
121464,Sony SRS-XB13 - Rosa Coral,Parlante Portátil Bluetooth,Sony,13 W.,https://www.solotodo.cl/products/121464-sony-srs-xb13-rosa-coral,34490,-1500,-4,29990,35990,35990,35990,35990
56789,JBL Charge 4 (Rosado),Parlante Portátil Bluetooth,JBL,30 W.,https://www.solotodo.cl/products/56789-jbl-charge-4-rosado,162490,-7500,-5,139990,169990,169990,169990,169990
97417,Sony SRS-XB33/RC Rojo,Parlante Portátil Bluetooth,Sony,30 W.,https://www.solotodo.cl/products/97417-sony-srs-xb33rc-rojo,99990,-5000,-5,99990,99990,99990,99990,104990
101572,Marshall Emberton (Black),Parlante Portátil Bluetooth,Marshall,20 W.,https://www.solotodo.cl/products/101572-marshall-emberton-black,142490,-7500,-5,139990,139990,139990,149990,149990
117281,Marshall Emberton (Black/Brass),Parlante Portátil Bluetooth,Marshall,20 W.,https://www.solotodo.cl/products/117281-marshall-emberton-blackbrass,142490,-7500,-5,139990,139990,139990,149990,149990
51858,JBL Go 2 Champaña,Parlante Portátil Bluetooth,JBL,3 W.,https://www.solotodo.cl/products/51858-jbl-go-2-champana,47490,-2500,-5,39990,49990,49990,49990,49990
113897,Sony SRS-RA3000,Parlante Inteligente,Sony,20 W.,https://www.solotodo.cl/products/113897-sony-srs-ra3000,170740,-9250,-5,170990,170990,170990,169990,179990
102901,Sony PS-HX500,Tornamesa,Sony,,https://www.solotodo.cl/products/102901-sony-ps-hx500,227490,-12500,-5,219990,219990,219990,249990,239990
56785,JBL Charge 4 (Blanco),Parlante Portátil Bluetooth,JBL,30 W.,https://www.solotodo.cl/products/56785-jbl-charge-4-blanco,169990,-10000,-6,139990,179990,179990,179990,179990
65707,JBL Flip 5 - Blanco,Parlante Portátil Bluetooth,JBL,20 W.,https://www.solotodo.cl/products/65707-jbl-flip-5-blanco,98990,-6000,-6,,,92990,104990,104990
52912,Bose Soundbar 500 (799702-1100),Soundbar,Bose,,https://www.solotodo.cl/products/52912-bose-soundbar-500-799702-1100,449990,-30000,-7,439990,439990,439990,479990,479990
65708,JBL Flip 5 - Turquesa,Parlante Portátil Bluetooth,JBL,20 W.,https://www.solotodo.cl/products/65708-jbl-flip-5-turquesa,88990,-6000,-7,86990,86990,86990,94990,94990
51854,JBL Go 2 Verde Menta,Parlante Portátil Bluetooth,JBL,3 W.,https://www.solotodo.cl/products/51854-jbl-go-2-verde-menta,46657,-3333,-7,39990,49990,49990,,49990
57733,JBL Clip 3 - Rosa,Parlante Portátil Bluetooth,JBL,3 W.,https://www.solotodo.cl/products/57733-jbl-clip-3-rosa,64990,-5000,-8,49990,69990,69990,69990,69990
121462,Sony SRS-XB13 - Azul,Parlante Portátil Bluetooth,Sony,13 W.,https://www.solotodo.cl/products/121462-sony-srs-xb13-azul,30490,-2500,-8,29990,29990,29990,31990,32990
121461,Sony SRS-XB13 - Gris Pardo,Parlante Portátil Bluetooth,Sony,13 W.,https://www.solotodo.cl/products/121461-sony-srs-xb13-gris-pardo,30490,-2500,-8,29990,29990,29990,31990,32990
88975,Sony SRS-XB23/L Light Blue,Parlante Portátil Bluetooth,Sony,20 W.,https://www.solotodo.cl/products/88975-sony-srs-xb23l-light-blue,54990,-5000,-9,54990,54990,54990,54990,59990
88976,Sony SRS-XB23/B Black,Parlante Portátil Bluetooth,Sony,20 W.,https://www.solotodo.cl/products/88976-sony-srs-xb23b-black,54990,-5000,-9,54990,54990,54990,54990,59990
49319,Bose SoundLink Color II Blanco (752195-0200),Parlante Portátil Bluetooth,Bose,,https://www.solotodo.cl/products/49319-bose-soundlink-color-ii-blanco-752195-0200,117490,-12500,-11,129990,129990,104990,104990,129990
49320,Bose SoundLink Color II Azul (752195-0500),Parlante Portátil Bluetooth,Bose,,https://www.solotodo.cl/products/49320-bose-soundlink-color-ii-azul-752195-0500,117490,-12500,-11,129990,129990,104990,104990,129990
117520,Sony SRS-XP500,Parlante Portátil Bluetooth,Sony,,https://www.solotodo.cl/products/117520-sony-srs-xp500,187490,-22500,-12,179990,179990,179990,209990,209990
103539,JBL Clip 4 - Rojo (JBLCLIP4REDAM),Parlante Portátil Bluetooth,JBL,5 W.,https://www.solotodo.cl/products/103539-jbl-clip-4-rojo-jblclip4redam,39990,-5000,-13,39990,39990,39990,39990,44990
121283,JBL Flip 5 - Eco Azul,Parlante Portátil Bluetooth,JBL,20 W.,https://www.solotodo.cl/products/121283-jbl-flip-5-eco-azul,97240,-12750,-13,92990,92990,92990,109990,109990
56786,JBL Charge 4 (Turquesa),Parlante Portátil Bluetooth,JBL,30 W.,https://www.solotodo.cl/products/56786-jbl-charge-4-turquesa,139990,-20000,-14,139990,139990,139990,,159990
65703,JBL Flip 5 - Arena,Parlante Portátil Bluetooth,JBL,20 W.,https://www.solotodo.cl/products/65703-jbl-flip-5-arena,91490,-13500,-15,86990,86990,86990,104990,104990
86814,Mackie SRM-FLEX,Parlante Portátil / Karaoke,Mackie,1300 W.,https://www.solotodo.cl/products/86814-mackie-srm-flex,1474990,-225000,-15,1563990,1563990,1385990,1385990,1699990
65700,JBL Flip 5 - Gris,Parlante Portátil Bluetooth,JBL,20 W.,https://www.solotodo.cl/products/65700-jbl-flip-5-gris,77490,-12500,-16,79990,79990,79990,69990,89990
121304,Sony SRS-XG500,Parlante Portátil / Karaoke,Sony,12 W.,https://www.solotodo.cl/products/121304-sony-srs-xg500,202490,-37500,-19,189990,189990,189990,239990,239990
74592,JBL Pulse 4 (Negro),Parlante Portátil Bluetooth,JBL,20 W.,https://www.solotodo.cl/products/74592-jbl-pulse-4-negro,179990,-35000,-19,179990,179990,179990,179990,214990
51857,JBL Go 2 Canela,Parlante Portátil Bluetooth,JBL,3 W.,https://www.solotodo.cl/products/51857-jbl-go-2-canela,28990,-6000,-21,26990,26990,26990,34990,34990
51856,JBL Go 2 Verde,Parlante Portátil Bluetooth,JBL,3 W.,https://www.solotodo.cl/products/51856-jbl-go-2-verde,28990,-6000,-21,26990,26990,26990,34990,34990
49321,Bose SoundLink Color II Negro (752195-0100),Parlante Portátil Bluetooth,Bose,,https://www.solotodo.cl/products/49321-bose-soundlink-color-ii-negro-752195-0100,107490,-22500,-21,109990,109990,104990,104990,129990
111667,RCF AYRA 5,Parlante Tradicional,RCF,35 W.,https://www.solotodo.cl/products/111667-rcf-ayra-5,174990,-86000,-49,174990,174990,174990,174990,260990
113057,RCF AYRA PRO8 (Par),Parlante Tradicional,RCF,140 W.,https://www.solotodo.cl/products/113057-rcf-ayra-pro8-par,579990,,,,,579990,579990,
84792,Sony MHC-V73D,Minicomponente,Sony,,https://www.solotodo.cl/products/84792-sony-mhc-v73d,359990,,,,,359990,,
111998,JBL JRX225,Parlante Tradicional,JBL,500 W.,https://www.solotodo.cl/products/111998-jbl-jrx225,504990,,,504990,504990,504990,,
125130,JBL Charge 5 Teal (JBLCHARGE5TEALAM),Parlante Portátil Bluetooth,JBL,40 W.,https://www.solotodo.cl/products/125130-jbl-charge-5-teal-jblcharge5tealam,179990,,,179990,179990,179990,,
67731,JBL Link Bar (JBLLINKBARGRYAM),Soundbar,JBL,100 W.,https://www.solotodo.cl/products/67731-jbl-link-bar-jbllinkbargryam,354990,,,339990,369990,,,
84789,Sony MHC-V43D,Minicomponente,Sony,,https://www.solotodo.cl/products/84789-sony-mhc-v43d,269990,,,,,,269990,
57728,JBL Clip 3 - Desierto,Parlante Portátil Bluetooth,JBL,3 W.,https://www.solotodo.cl/products/57728-jbl-clip-3-desierto,,,,,,,,59990
109675,JBL IRX112BT,Parlante Tradicional,JBL,325 W.,https://www.solotodo.cl/products/109675-jbl-irx112bt,,,,,,,,358990
82642,Mackie Thump15A,Caja Activa,Mackie,1300 W.,https://www.solotodo.cl/products/82642-mackie-thump15a,,,,,,,,479990
