id,name,type,size,resolution,smartTV,url,price,diff price,diff percent,28/11/21,29/11/21,30/11/21,01/12/21,02/12/21
113412,Samsung QN75LS03A + Marco Beige,QLED,"75.0""",4k Ultra HD (3840x2160),Sí,https://www.solotodo.cl/products/113412-samsung-qn75ls03a-marco-beige,1299990,100000,8,1399990,1399990,1199990,1199990,1199990
113411,Samsung QN75LS03A + Marco Blanco,QLED,"75.0""",4k Ultra HD (3840x2160),Sí,https://www.solotodo.cl/products/113411-samsung-qn75ls03a-marco-blanco,1299990,100000,8,1399990,1399990,1199990,1199990,1199990
113413,Samsung QN75LS03A + Marco Marrón,QLED,"75.0""",4k Ultra HD (3840x2160),Sí,https://www.solotodo.cl/products/113413-samsung-qn75ls03a-marco-marron,1299990,100000,8,1399990,1399990,1199990,1199990,1199990
113400,Samsung QN55LS03A + Marco Marrón,QLED,"55.0""",4k Ultra HD (3840x2160),Sí,https://www.solotodo.cl/products/113400-samsung-qn55ls03a-marco-marron,799990,50000,6,799990,799990,,,749990
113399,Samsung QN55LS03A + Marco Blanco,QLED,"55.0""",4k Ultra HD (3840x2160),Sí,https://www.solotodo.cl/products/113399-samsung-qn55ls03a-marco-blanco,799990,50000,6,799990,799990,,,749990
113395,Samsung QN43LS03A + Marco Marrón,QLED,"43.0""",4k Ultra HD (3840x2160),Sí,https://www.solotodo.cl/products/113395-samsung-qn43ls03a-marco-marron,584990,35000,6,619990,619990,549990,549990,549990
111651,Samsung QN75LS03A,QLED,"75.0""",4k Ultra HD (3840x2160),Sí,https://www.solotodo.cl/products/111651-samsung-qn75ls03a,1233490,73500,6,1286990,1286990,1199990,1159990,1159990
117600,Samsung QN50LS03A + Marco Beige,QLED,"50.0""",4k Ultra HD (3840x2160),Sí,https://www.solotodo.cl/products/117600-samsung-qn50ls03a-marco-beige,684990,35000,5,719990,719990,649990,649990,649990
113714,Samsung QN50LS03A + Marco Marrón,QLED,"50.0""",4k Ultra HD (3840x2160),Sí,https://www.solotodo.cl/products/113714-samsung-qn50ls03a-marco-marron,684990,35000,5,719990,719990,649990,649990,649990
113406,Samsung QN65LS03A + Marco Blanco,QLED,"65.0""",4k Ultra HD (3840x2160),Sí,https://www.solotodo.cl/products/113406-samsung-qn65ls03a-marco-blanco,999990,50000,5,999990,999990,,,949990
113404,Samsung QN65LS03A + Marco Blanco Bizelado,QLED,"65.0""",4k Ultra HD (3840x2160),Sí,https://www.solotodo.cl/products/113404-samsung-qn65ls03a-marco-blanco-bizelado,999990,50000,5,999990,999990,,,949990
113408,Samsung QN65LS03A + Marco Beige,QLED,"65.0""",4k Ultra HD (3840x2160),Sí,https://www.solotodo.cl/products/113408-samsung-qn65ls03a-marco-beige,999990,50000,5,999990,999990,,,949990
114419,Samsung QN82Q60T,QLED,"82,0""",4k Ultra HD (3840x2160),Sí,https://www.solotodo.cl/products/114419-samsung-qn82q60t,1249990,50000,4,1299990,1299990,1199990,1199990,1199990
107896,Samsung QN75Q70A,QLED,"75.0""",4k Ultra HD (3840x2160),Sí,https://www.solotodo.cl/products/107896-samsung-qn75q70a,1144990,45000,4,999990,999990,1289990,1289990,1099990
112132,Samsung QN55BWBRU,QLED,"55.0""",4k Ultra HD (3840x2160),Sí,https://www.solotodo.cl/products/112132-samsung-qn55bwbru,754990,25000,3,779990,779990,729990,729990,729990
113396,Samsung QN55LS03A + Marco Coral Bizelado,QLED,"55.0""",4k Ultra HD (3840x2160),Sí,https://www.solotodo.cl/products/113396-samsung-qn55ls03a-marco-coral-bizelado,774990,25000,3,799990,799990,749990,749990,749990
113397,Samsung QN55LS03A + Marco Blanco Bizelado,QLED,"55.0""",4k Ultra HD (3840x2160),Sí,https://www.solotodo.cl/products/113397-samsung-qn55ls03a-marco-blanco-bizelado,774990,25000,3,799990,799990,749990,749990,749990
113402,Samsung QN65LS03A + Marco Coral Bizelado,QLED,"65.0""",4k Ultra HD (3840x2160),Sí,https://www.solotodo.cl/products/113402-samsung-qn65ls03a-marco-coral-bizelado,974990,25000,3,999990,999990,949990,949990,949990
108140,LG 55NANO80SPA,NanoCell,"55.0""",4k Ultra HD (3840x2160),Sí,https://www.solotodo.cl/products/108140-lg-55nano80spa,491990,12000,2,485990,485990,485990,509990,479990
112138,Samsung Y21QN50,QLED,"50.0""",4k Ultra HD (3840x2160),Sí,https://www.solotodo.cl/products/112138-samsung-y21qn50,704990,15000,2,719990,719990,689990,689990,689990
112137,Samsung Y21QN55,QLED,"55.0""",4k Ultra HD (3840x2160),Sí,https://www.solotodo.cl/products/112137-samsung-y21qn55,814990,15000,2,829990,829990,799990,799990,799990
80608,Samsung QN43LS03TA,QLED,"43.0""",4k Ultra HD (3840x2160),Sí,https://www.solotodo.cl/products/80608-samsung-qn43ls03ta,567490,7500,1,569990,569990,569990,559990,559990
106167,Samsung QN65Q70A,QLED,"65.0""",4k Ultra HD (3840x2160),Sí,https://www.solotodo.cl/products/106167-samsung-qn65q70a,829990,10000,1,829990,829990,829990,829990,819990
110654,Samsung QN43LS03A,QLED,"43.0""",4k Ultra HD (3840x2160),Sí,https://www.solotodo.cl/products/110654-samsung-qn43ls03a,544490,4500,1,557990,549990,539990,529990,539990
123348,LG 55NANO85SPA,NanoCell,"55.0""",4k Ultra HD (3840x2160),Sí,https://www.solotodo.cl/products/123348-lg-55nano85spa,604990,5000,1,599990,619990,599990,599990,599990
111650,Samsung QN55LS03A,QLED,"55.0""",4k Ultra HD (3840x2160),Sí,https://www.solotodo.cl/products/111650-samsung-qn55ls03a,735990,6000,1,737990,737990,737990,729990,729990
112133,Samsung QN50BWBRU,QLED,"50.0""",4k Ultra HD (3840x2160),Sí,https://www.solotodo.cl/products/112133-samsung-qn50bwbru,674990,5000,1,679990,679990,669990,669990,669990
111649,Samsung QN65LS03A,QLED,"65.0""",4k Ultra HD (3840x2160),Sí,https://www.solotodo.cl/products/111649-samsung-qn65ls03a,925240,5250,1,926990,926990,926990,919990,919990
111007,LG 86NANO75SPA,NanoCell,"86,0""",4k Ultra HD (3840x2160),Sí,https://www.solotodo.cl/products/111007-lg-86nano75spa,1404990,5000,0,1399990,1399990,1419990,1399990,1399990
122210,Samsung QN55BWBRU + Marco Café Clásico,QLED,"55.0""",4k Ultra HD (3840x2160),Sí,https://www.solotodo.cl/products/122210-samsung-qn55bwbru-marco-cafe-clasico,849990,0,0,849990,849990,849990,849990,849990
78752,Samsung QN50Q60T,QLED,"50.0""",4k Ultra HD (3840x2160),Sí,https://www.solotodo.cl/products/78752-samsung-qn50q60t,629990,0,0,629990,629990,629990,629990,629990
122849,Samsung QN50QN90A + Soundbar HW-Q900A + Speaker SWA-9500S,QLED,"50.0""",4k Ultra HD (3840x2160),Sí,https://www.solotodo.cl/products/122849-samsung-qn50qn90a-soundbar-hw-q900a-speaker-swa-9500s,1549980,0,0,1549980,1549980,1549980,1549980,1549980
78424,Samsung QN55LS01TA,QLED,"55.0""",4k Ultra HD (3840x2160),Sí,https://www.solotodo.cl/products/78424-samsung-qn55ls01ta,749990,0,0,749990,749990,749990,749990,749990
114739,LG 65QNED90SPA,QNED,"65.0""",4k Ultra HD (3840x2160),Sí,https://www.solotodo.cl/products/114739-lg-65qned90spa,1199990,0,0,1199990,1199990,1199990,1199990,1199990
122209,Samsung QN50BWBRU + Marco Café Clásico,QLED,"50.0""",4k Ultra HD (3840x2160),Sí,https://www.solotodo.cl/products/122209-samsung-qn50bwbru-marco-cafe-clasico,749990,0,0,749990,749990,749990,749990,749990
108776,"Samsung QN55QN85A + TV QLED 32"" The Frame",QLED,"55.0""",4k Ultra HD (3840x2160),Sí,https://www.solotodo.cl/products/108776-samsung-qn55qn85a-tv-qled-32-the-frame,1499990,0,0,1499990,1499990,1499990,1499990,1499990
108252,LG OLED55A1PSA,OLED,"55.0""",4k Ultra HD (3840x2160),Sí,https://www.solotodo.cl/products/108252-lg-oled55a1psa,579990,0,0,579990,579990,579990,579990,579990
106166,Samsung QN55QN90A,QLED,"55.0""",4k Ultra HD (3840x2160),Sí,https://www.solotodo.cl/products/106166-samsung-qn55qn90a,829990,0,0,829990,829990,829990,829990,829990
107908,Samsung QN65QN90A,QLED,"65.0""",4k Ultra HD (3840x2160),Sí,https://www.solotodo.cl/products/107908-samsung-qn65qn90a,999990,0,0,999990,999990,999990,999990,999990
115600,LG OLED48A1PSA,OLED,"48.0""",4k Ultra HD (3840x2160),Sí,https://www.solotodo.cl/products/115600-lg-oled48a1psa,499990,0,0,499990,499990,499990,499990,499990
117522,Samsung QN43BWBRU,QLED,"43.0""",4k Ultra HD (3840x2160),Sí,https://www.solotodo.cl/products/117522-samsung-qn43bwbru,619990,0,0,619990,619990,619990,619990,619990
104723,Samsung QN55Q60A,QLED,"55.0""",4k Ultra HD (3840x2160),Sí,https://www.solotodo.cl/products/104723-samsung-qn55q60a,499990,0,0,499990,499990,499990,499990,499990
123229,Samsung QN43QN90A,QLED,"43.0""",4k Ultra HD (3840x2160),Sí,https://www.solotodo.cl/products/123229-samsung-qn43qn90a,649990,0,0,649990,649990,649990,649990,649990
122208,Samsung QN43BWBRU + Marco Café Clásico,QLED,"43.0""",4k Ultra HD (3840x2160),Sí,https://www.solotodo.cl/products/122208-samsung-qn43bwbru-marco-cafe-clasico,649990,0,0,649990,649990,649990,649990,649990
122840,Samsung QN50Q80A,QLED,"50.0""",4k Ultra HD (3840x2160),Sí,https://www.solotodo.cl/products/122840-samsung-qn50q80a,629990,0,0,629990,629990,629990,629990,629990
109203,"Samsung QN65QN85A + TV QLED 32"" The Frame",QLED,"65.0""",4k Ultra HD (3840x2160),Sí,https://www.solotodo.cl/products/109203-samsung-qn65qn85a-tv-qled-32-the-frame,1799990,0,0,1799990,1799990,1799990,1799990,1799990
114103,Samsung QN43LS03A + Marco Beige,QLED,"43.0""",4k Ultra HD (3840x2160),Sí,https://www.solotodo.cl/products/114103-samsung-qn43ls03a-marco-beige,549990,0,0,,,,549990,549990
80161,Samsung QN65Q800T,QLED,"65.0""",8K Full Ultra HD (7680x4320),Sí,https://www.solotodo.cl/products/80161-samsung-qn65q800t,1299990,0,0,1299990,1299990,1299990,1299990,1299990
108259,LG OLED48C1PSA,OLED,"48.0""",4k Ultra HD (3840x2160),Sí,https://www.solotodo.cl/products/108259-lg-oled48c1psa,659990,0,0,659990,659990,659990,659990,659990
79955,LG 75NANO90SNA,NanoCell,"75.0""",4k Ultra HD (3840x2160),Sí,https://www.solotodo.cl/products/79955-lg-75nano90sna,1149990,0,0,1149990,1149990,1149990,1149990,1149990
116823,LG 75QNED99SPA,QNED,"75.0""",4k Ultra HD (3840x2160),Sí,https://www.solotodo.cl/products/116823-lg-75qned99spa,2999990,0,0,2999990,2999990,2999990,2999990,2999990
122848,Samsung QN65QN90A + Soundbar HW-Q900A + Speaker SWA-9500S,QLED,"65.0""",4k Ultra HD (3840x2160),Sí,https://www.solotodo.cl/products/122848-samsung-qn65qn90a-soundbar-hw-q900a-speaker-swa-9500s,1629990,0,0,1629990,1629990,1629990,1629990,1629990
107897,Samsung QN85Q70A,QLED,"85.0""",4k Ultra HD (3840x2160),Sí,https://www.solotodo.cl/products/107897-samsung-qn85q70a,1599990,0,0,1599990,1599990,1599990,1599990,1599990
113740,LG 86QNED99SPA,QNED,"86,0""",8K Full Ultra HD (7680x4320),Sí,https://www.solotodo.cl/products/113740-lg-86qned99spa,4949990,0,0,4949990,4949990,4949990,4949990,4949990
81723,LG 86NANO90SNA,NanoCell,"86,0""",4k Ultra HD (3840x2160),Sí,https://www.solotodo.cl/products/81723-lg-86nano90sna,2179990,0,0,2179990,2179990,2179990,2179990,2179990
112044,LG 86NANO90SPA,NanoCell,"86,0""",4k Ultra HD (3840x2160),Sí,https://www.solotodo.cl/products/112044-lg-86nano90spa,2179990,0,0,2179990,2179990,2179990,2179990,2179990
79384,Samsung QN75Q90T,QLED,"75.0""",4k Ultra HD (3840x2160),Sí,https://www.solotodo.cl/products/79384-samsung-qn75q90t,2319992,0,0,2319992,2319992,2319992,2319992,2319992
122925,Samsung QN65LS03A + Marco Café Clásico,QLED,"65.0""",4k Ultra HD (3840x2160),Sí,https://www.solotodo.cl/products/122925-samsung-qn65ls03a-marco-cafe-clasico,1099990,0,0,1099990,1099990,1099990,1099990,1099990
121966,Samsung QN65LST7TA + Soporte de Pared WMN4070TT,QLED,"65.0""",4k Ultra HD (3840x2160),Sí,https://www.solotodo.cl/products/121966-samsung-qn65lst7ta-soporte-de-pared-wmn4070tt,2359990,0,0,2359990,2359990,2359990,2359990,2359990
91956,Samsung QN65LST7TA + Soundbar Samsung HW-LST70T + Soporte Pared,QLED,"65.0""",4k Ultra HD (3840x2160),Sí,https://www.solotodo.cl/products/91956-samsung-qn65lst7ta-soundbar-samsung-hw-lst70t-soporte-pared,2499990,0,0,2499990,2499990,2499990,2499990,2499990
122852,Samsung QN75QN85A + Soundbar HW-Q900A + Speaker SWA-9500S,QLED,"75.0""",4k Ultra HD (3840x2160),Sí,https://www.solotodo.cl/products/122852-samsung-qn75qn85a-soundbar-hw-q900a-speaker-swa-9500s,2599980,0,0,2599980,2599980,2599980,2599980,2599980
109207,"Samsung QN75QN85A + TV QLED 32"" The Frame",QLED,"75.0""",4k Ultra HD (3840x2160),Sí,https://www.solotodo.cl/products/109207-samsung-qn75qn85a-tv-qled-32-the-frame,2899990,0,0,2899990,2899990,2899990,2899990,2899990
123179,Samsung QN55LST7TA + Soporte de Pared WMN4070TT,QLED,"55.0""",4k Ultra HD (3840x2160),Sí,https://www.solotodo.cl/products/123179-samsung-qn55lst7ta-soporte-de-pared-wmn4070tt,1899990,0,0,1899990,1899990,1899990,1899990,1899990
81044,Samsung VG43BWQN43TA + Marco Nogal,QLED,"43.0""",4k Ultra HD (3840x2160),Sí,https://www.solotodo.cl/products/81044-samsung-vg43bwqn43ta-marco-nogal,639990,0,0,,,,639990,639990
94645,Samsung QN75LST7TA + Soundbar Samsung HW-LST70T + Soporte Pared,QLED,"75.0""",4k Ultra HD (3840x2160),Sí,https://www.solotodo.cl/products/94645-samsung-qn75lst7ta-soundbar-samsung-hw-lst70t-soporte-pared,2999990,0,0,2999990,2999990,2999990,2999990,2999990
113029,Sony Bravia XR-65A80J,OLED,"65.0""",4k Ultra HD (3840x2160),Sí,https://www.solotodo.cl/products/113029-sony-bravia-xr-65a80j,1699990,0,0,1699990,1699990,1699990,1699990,1699990
109212,Samsung QN85QN85A + TV QLED 32'' The Frame + Marco Marrón,QLED,"85.0""",4k Ultra HD (3840x2160),Sí,https://www.solotodo.cl/products/109212-samsung-qn85qn85a-tv-qled-32-the-frame-marco-marron,3999990,0,0,3999990,3999990,3999990,3999990,3999990
122207,Samsung QN85QN800A + Soundbar Samsung HW-Q800T,QLED,"85.0""",8K Full Ultra HD (7680x4320),Sí,https://www.solotodo.cl/products/122207-samsung-qn85qn800a-soundbar-samsung-hw-q800t,4499990,0,0,4499990,4499990,4499990,4499990,4499990
91231,Samsung QN55LST7TA,QLED,"55.0""",4k Ultra HD (3840x2160),Sí,https://www.solotodo.cl/products/91231-samsung-qn55lst7ta,2099990,0,0,2099990,2099990,2099990,2099990,2099990
111003,LG 75NANO95SPA,NanoCell,"75.0""",8K Full Ultra HD (7680x4320),Sí,https://www.solotodo.cl/products/111003-lg-75nano95spa,1899990,0,0,1899990,1899990,1899990,1899990,1899990
107906,Samsung QN75QN900A,QLED,"75.0""",8K Full Ultra HD (7680x4320),Sí,https://www.solotodo.cl/products/107906-samsung-qn75qn900a,3199990,0,0,3199990,3199990,3199990,3199990,3199990
122846,Samsung QN55QN90A + Soundbar HW-Q900A + Speaker SWA-9500S,QLED,"55.0""",4k Ultra HD (3840x2160),Sí,https://www.solotodo.cl/products/122846-samsung-qn55qn90a-soundbar-hw-q900a-speaker-swa-9500s,1479990,0,0,1479990,1479990,1479990,1479990,1479990
109201,Samsung QN85QN85A + Soundbar Samsung HW-Q800T,QLED,"85.0""",4k Ultra HD (3840x2160),Sí,https://www.solotodo.cl/products/109201-samsung-qn85qn85a-soundbar-samsung-hw-q800t,3299990,0,0,3299990,3299990,3299990,3299990,3299990
122926,Samsung QN75LS03A + Marco Café Clásico,QLED,"75.0""",4k Ultra HD (3840x2160),Sí,https://www.solotodo.cl/products/122926-samsung-qn75ls03a-marco-cafe-clasico,1499990,0,0,1499990,1499990,1499990,1499990,1499990
107902,Samsung QN85QN800A,QLED,"85.0""",8K Full Ultra HD (7680x4320),Sí,https://www.solotodo.cl/products/107902-samsung-qn85qn800a,3299990,0,0,3299990,3299990,3299990,3299990,3299990
122844,Samsung QN85QN85A + Soundbar HW-Q900A + Speaker SWA-9500S,QLED,"85.0""",4k Ultra HD (3840x2160),Sí,https://www.solotodo.cl/products/122844-samsung-qn85qn85a-soundbar-hw-q900a-speaker-swa-9500s,3269980,0,0,3269980,3269980,3269980,3269980,3269980
107898,Samsung QN55Q80A,QLED,"55.0""",4k Ultra HD (3840x2160),Sí,https://www.solotodo.cl/products/107898-samsung-qn55q80a,648490,-1500,-0,656990,656990,649990,629990,649990
79257,Samsung QN65LS03TA,QLED,"65.0""",4k Ultra HD (3840x2160),Sí,https://www.solotodo.cl/products/79257-samsung-qn65ls03ta,942490,-7500,-1,939990,939990,939990,949990,949990
116476,LG 70NANO75SPA,NanoCell,"70.0""",4k Ultra HD (3840x2160),Sí,https://www.solotodo.cl/products/116476-lg-70nano75spa,654490,-5500,-1,679990,638990,638990,659990,659990
111001,LG 75NANO75SPA,NanoCell,"75.0""",4k Ultra HD (3840x2160),Sí,https://www.solotodo.cl/products/111001-lg-75nano75spa,840990,-9000,-1,827990,827990,827990,879990,849990
106164,Samsung QN50Q60A,QLED,"50.0""",4k Ultra HD (3840x2160),Sí,https://www.solotodo.cl/products/106164-samsung-qn50q60a,415490,-4500,-1,413990,413990,413990,419990,419990
113027,Sony Bravia XR-55A80J,OLED,"55.0""",4k Ultra HD (3840x2160),Sí,https://www.solotodo.cl/products/113027-sony-bravia-xr-55a80j,1087490,-12500,-1,1049990,1099990,1099990,1099990,1099990
111652,Samsung QN50LS03A,QLED,"50.0""",4k Ultra HD (3840x2160),Sí,https://www.solotodo.cl/products/111652-samsung-qn50ls03a,611990,-8000,-1,638990,638990,549990,619990,619990
113028,Sony Bravia XR-77A80J,OLED,"77.0""",4k Ultra HD (3840x2160),Sí,https://www.solotodo.cl/products/113028-sony-bravia-xr-77a80j,2819990,-60000,-2,2799990,2799990,2799990,2879990,2879990
105634,Samsung QN65QN85A,QLED,"65.0""",4k Ultra HD (3840x2160),Sí,https://www.solotodo.cl/products/105634-samsung-qn65qn85a,939990,-20000,-2,939990,939990,939990,939990,959990
118405,LG OLED48A1PSA + Audífonos LG TONE Free FN4,OLED,"48.0""",4k Ultra HD (3840x2160),Sí,https://www.solotodo.cl/products/118405-lg-oled48a1psa-audifonos-lg-tone-free-fn4,489490,-10500,-2,485990,485990,485990,499990,499990
110618,LG 55NANO75SPA,NanoCell,"55.0""",4k Ultra HD (3840x2160),Sí,https://www.solotodo.cl/products/110618-lg-55nano75spa,429740,-10250,-2,422990,422990,422990,449990,439990
107903,Samsung QN55QN85A,QLED,"55.0""",4k Ultra HD (3840x2160),Sí,https://www.solotodo.cl/products/107903-samsung-qn55qn85a,766990,-23000,-3,755990,755990,755990,799990,789990
111002,LG 75NANO90SPA,NanoCell,"75.0""",4k Ultra HD (3840x2160),Sí,https://www.solotodo.cl/products/111002-lg-75nano90spa,1064740,-35250,-3,1052990,1052990,1052990,1099990,1099990
107895,Samsung QN55Q70A,QLED,"55.0""",4k Ultra HD (3840x2160),Sí,https://www.solotodo.cl/products/107895-samsung-qn55q70a,609740,-20250,-3,602990,602990,602990,629990,629990
121556,Samsung QN55QN700A,QLED,"55.0""",8K Full Ultra HD (7680x4320),Sí,https://www.solotodo.cl/products/121556-samsung-qn55qn700a,1110990,-39000,-4,1097990,1097990,1097990,1149990,1149990
110990,LG 65NANO75SPA,NanoCell,"65.0""",4k Ultra HD (3840x2160),Sí,https://www.solotodo.cl/products/110990-lg-65nano75spa,577740,-22250,-4,566990,566990,566990,609990,599990
106320,Samsung QN60Q60A,QLED,"60.0""",4k Ultra HD (3840x2160),Sí,https://www.solotodo.cl/products/106320-samsung-qn60q60a,519740,-20250,-4,512990,512990,512990,539990,539990
109224,LG 50NANO75SPA,NanoCell,"50.0""",4k Ultra HD (3840x2160),Sí,https://www.solotodo.cl/products/109224-lg-50nano75spa,355740,-14250,-4,350990,350990,350990,369990,369990
107905,Samsung QN85QN85A,QLED,"85.0""",4k Ultra HD (3840x2160),Sí,https://www.solotodo.cl/products/107905-samsung-qn85qn85a,2400240,-99750,-4,2366990,2366990,2366990,2499990,2499990
118014,Samsung QN50QN90A,QLED,"50.0""",4k Ultra HD (3840x2160),Sí,https://www.solotodo.cl/products/118014-samsung-qn50qn90a,709990,-30000,-4,699990,699990,699990,739990,739990
106067,LG OLED65C1PSA,OLED,"65.0""",4k Ultra HD (3840x2160),Sí,https://www.solotodo.cl/products/106067-lg-oled65c1psa,1332990,-57000,-4,1313990,1313990,1313990,1389990,1389990
116371,LG OLED55C1PSA + Audífonos LG TONE Free FN4,OLED,"55.0""",4k Ultra HD (3840x2160),Sí,https://www.solotodo.cl/products/116371-lg-oled55c1psa-audifonos-lg-tone-free-fn4,1014997,-44993,-4,999999,999999,999999,1059990,1059990
108139,LG 50NANO80SPA,NanoCell,"50.0""",4k Ultra HD (3840x2160),Sí,https://www.solotodo.cl/products/108139-lg-50nano80spa,401990,-18000,-4,395990,395990,395990,419990,419990
118406,LG OLED48C1PSA + Audífonos LG TONE Free FN4,OLED,"48.0""",4k Ultra HD (3840x2160),Sí,https://www.solotodo.cl/products/118406-lg-oled48c1psa-audifonos-lg-tone-free-fn4,621490,-28500,-5,611990,611990,611990,649990,649990
115338,Samsung QN50LS01TA,QLED,"50.0""",4k Ultra HD (3840x2160),Sí,https://www.solotodo.cl/products/115338-samsung-qn50ls01ta,621490,-28500,-5,611990,611990,611990,649990,649990
106068,LG OLED55C1PSA,OLED,"55.0""",4k Ultra HD (3840x2160),Sí,https://www.solotodo.cl/products/106068-lg-oled55c1psa,840990,-39000,-5,827990,827990,827990,879990,879990
91246,Samsung QN55LST7TA + Soundbar Samsung HW-LST70T + Soporte Pared,QLED,"55.0""",4k Ultra HD (3840x2160),Sí,https://www.solotodo.cl/products/91246-samsung-qn55lst7ta-soundbar-samsung-hw-lst70t-soporte-pared,1910740,-89250,-5,1880990,1880990,1880990,1999990,1999990
86377,Samsung QN55Q700TA,QLED,"55.0""",8K Full Ultra HD (7680x4320),Sí,https://www.solotodo.cl/products/86377-samsung-qn55q700ta,1021740,-48250,-5,999990,999990,1016990,1069990,1069990
107899,Samsung QN65Q80A,QLED,"65.0""",4k Ultra HD (3840x2160),Sí,https://www.solotodo.cl/products/107899-samsung-qn65q80a,840240,-39750,-5,836990,836990,836990,849990,879990
119298,Samsung QN65QN700A,QLED,"65.0""",8K Full Ultra HD (7680x4320),Sí,https://www.solotodo.cl/products/119298-samsung-qn65qn700a,1527240,-72750,-5,1502990,1502990,1502990,1599990,1599990
107901,Samsung QN75QN800A,QLED,"75.0""",8K Full Ultra HD (7680x4320),Sí,https://www.solotodo.cl/products/107901-samsung-qn75qn800a,2670990,-129000,-5,2627990,2627990,2627990,2799990,2799990
107283,LG 65NANO80SPA,NanoCell,"65.0""",4k Ultra HD (3840x2160),Sí,https://www.solotodo.cl/products/107283-lg-65nano80spa,667740,-32250,-5,656990,656990,656990,699990,699990
114740,LG 75QNED90SPA,QNED,"75.0""",4k Ultra HD (3840x2160),Sí,https://www.solotodo.cl/products/114740-lg-75qned90spa,1601240,-78750,-5,1574990,1574990,1574990,1679990,1679990
108156,LG OLED77G1PSA,OLED,"77.0""",4k Ultra HD (3840x2160),Sí,https://www.solotodo.cl/products/108156-lg-oled77g1psa,2763490,-136500,-5,2717990,2717990,2717990,2899990,2899990
121435,LG 65NANO85SPA,NanoCell,"65.0""",4k Ultra HD (3840x2160),Sí,https://www.solotodo.cl/products/121435-lg-65nano85spa,713990,-36000,-5,701990,701990,701990,749990,749990
78423,Samsung QN43LS01TA,QLED,"43.0""",4k Ultra HD (3840x2160),Sí,https://www.solotodo.cl/products/78423-samsung-qn43ls01ta,503740,-26250,-5,494990,494990,494990,529990,529990
108152,LG OLED65G1PSA,OLED,"65.0""",4k Ultra HD (3840x2160),Sí,https://www.solotodo.cl/products/108152-lg-oled65g1psa,1786240,-93750,-5,1754990,1754990,1754990,1879990,1879990
107907,Samsung QN85QN900A,QLED,"85.0""",8K Full Ultra HD (7680x4320),Sí,https://www.solotodo.cl/products/107907-samsung-qn85qn900a,4732990,-267000,-6,4643990,4643990,4643990,4999990,4999990
108253,LG OLED65A1PSA,OLED,"65.0""",4k Ultra HD (3840x2160),Sí,https://www.solotodo.cl/products/108253-lg-oled65a1psa,925990,-54000,-6,917990,917990,917990,949990,979990
115596,LG OLED83C1PSA,OLED,"83,0""",4k Ultra HD (3840x2160),Sí,https://www.solotodo.cl/products/115596-lg-oled83c1psa,3680990,-219000,-6,3617990,3617990,3617990,3869990,3899990
83564,Samsung QN75Q800T,QLED,"75.0""",8K Full Ultra HD (7680x4320),Sí,https://www.solotodo.cl/products/83564-samsung-qn75q800t,2757490,-172500,-6,2699990,2699990,2699990,2929990,2929990
107904,Samsung QN75QN85A,QLED,"75.0""",4k Ultra HD (3840x2160),Sí,https://www.solotodo.cl/products/107904-samsung-qn75qn85a,1693990,-106000,-6,1691990,1691990,1691990,1699990,1799990
86297,Samsung QN65Q700TA,QLED,"65.0""",8K Full Ultra HD (7680x4320),Sí,https://www.solotodo.cl/products/86297-samsung-qn65q700ta,1316240,-83750,-6,1304990,1304990,1304990,1349990,1399990
79764,Samsung QN82Q800T,QLED,"82,0""",8K Full Ultra HD (7680x4320),Sí,https://www.solotodo.cl/products/79764-samsung-qn82q800t,3356240,-213750,-6,3284990,3284990,3284990,3569990,3569990
107900,Samsung QN65QN800A,QLED,"65.0""",8K Full Ultra HD (7680x4320),Sí,https://www.solotodo.cl/products/107900-samsung-qn65qn800a,1677990,-112000,-7,1673990,1673990,1673990,1689990,1789990
108150,LG OLED77C1PSA,OLED,"77.0""",4k Ultra HD (3840x2160),Sí,https://www.solotodo.cl/products/108150-lg-oled77c1psa,2285990,-164000,-7,2267990,2267990,2267990,2339990,2449990
113409,Samsung QN65LS03A + Marco Marrón,QLED,"65.0""",4k Ultra HD (3840x2160),Sí,https://www.solotodo.cl/products/113409-samsung-qn65ls03a-marco-marron,999990,-100000,-10,999990,999990,,,1099990
81439,Samsung QN85Q950TSGXZS,QLED,"85.0""",8K Full Ultra HD (7680x4320),Sí,https://www.solotodo.cl/products/81439-samsung-qn85q950tsgxzs,4247490,-442500,-10,4099990,4099990,4099990,4689990,4689990
115006,Samsung QN70Q60A,QLED,"70.0""",4k Ultra HD (3840x2160),Sí,https://www.solotodo.cl/products/115006-samsung-qn70q60a,956657,,,949990,949990,969990,,
110989,LG 65NANO95SPA,NanoCell,"65.0""",8K Full Ultra HD (7680x4320),Sí,https://www.solotodo.cl/products/110989-lg-65nano95spa,1249990,,,1249990,,,,
122839,Samsung QN50Q60A + Soundbar HW-Q700A + Speaker SWA-9500S,QLED,"50.0""",4k Ultra HD (3840x2160),Sí,https://www.solotodo.cl/products/122839-samsung-qn50q60a-soundbar-hw-q700a-speaker-swa-9500s,,,,,,,,769980
124021,Samsung QN55Q60A + Soundbar HW-Q700A + Speaker SWA-9500S,QLED,"55.0""",4k Ultra HD (3840x2160),Sí,https://www.solotodo.cl/products/124021-samsung-qn55q60a-soundbar-hw-q700a-speaker-swa-9500s,,,,,,,,869980
122841,Samsung QN55Q70A + Soundbar HW-Q700A + Speaker SWA-9500S,QLED,"55.0""",4k Ultra HD (3840x2160),Sí,https://www.solotodo.cl/products/122841-samsung-qn55q70a-soundbar-hw-q700a-speaker-swa-9500s,,,,,,,,999980
122845,Samsung QN55Q80A + Soundbar HW-Q700A + Speaker SWA-9500S,QLED,"55.0""",4k Ultra HD (3840x2160),Sí,https://www.solotodo.cl/products/122845-samsung-qn55q80a-soundbar-hw-q700a-speaker-swa-9500s,,,,,,,,1099980
122850,Samsung QN65Q70A + Soundbar HW-Q700A + Speaker SWA-9500S,QLED,"65.0""",4k Ultra HD (3840x2160),Sí,https://www.solotodo.cl/products/122850-samsung-qn65q70a-soundbar-hw-q700a-speaker-swa-9500s,,,,,,,,1149980
122851,Samsung QN75Q70A + Soundbar HW-Q700A + Speaker SWA-9500S,QLED,"75.0""",4k Ultra HD (3840x2160),Sí,https://www.solotodo.cl/products/122851-samsung-qn75q70a-soundbar-hw-q700a-speaker-swa-9500s,,,,,,,,1519980
118172,Samsung QN65Q80A + Soundbar Samsung HW-Q700A,QLED,"65.0""",4k Ultra HD (3840x2160),Sí,https://www.solotodo.cl/products/118172-samsung-qn65q80a-soundbar-samsung-hw-q700a,,,,,,,,1899980
124022,Samsung QN85Q70A + Soundbar HW-Q700A + Speaker SWA-9500S,QLED,"85.0""",4k Ultra HD (3840x2160),Sí,https://www.solotodo.cl/products/124022-samsung-qn85q70a-soundbar-hw-q700a-speaker-swa-9500s,,,,,,,,1919980
