id,name,type,power,washing capacity,drying capacity,door position,url,price,diff price,diff percent,28/11/21,29/11/21,30/11/21,01/12/21,02/12/21
52490,Samsung WD12N64FR2X/ZS,Lavadora y Secadora,2400 W.,12 kg.,,Frontal,https://www.solotodo.cl/products/52490-samsung-wd12n64fr2xzs,569990,120000,21,569990,,,,449990
21175,Samsung WD10J6410AW/ZS,Lavadora y Secadora,Desconocido,10.5 kg.,,Frontal,https://www.solotodo.cl/products/21175-samsung-wd10j6410awzs,396932,14132,4,399990,399990,404950,382800,382800
51327,Winia DWC-K9630W,Lavadora y Secadora,Desconocido,9 kg.,6 kg.,Frontal,https://www.solotodo.cl/products/51327-winia-dwc-k9630w,289990,10000,3,299990,299990,279990,279990,279990
21174,Samsung WD10J6410AX,Lavadora y Secadora,Desconocido,10.5 kg.,6 kg.,Frontal,https://www.solotodo.cl/products/21174-samsung-wd10j6410ax,436542,13142,3,429990,446390,446390,423400,423400
100190,Candy CSOW4855TW,Lavadora y Secadora,1600 W.,8 kg.,5 kg.,Frontal,https://www.solotodo.cl/products/100190-candy-csow4855tw,294990,5000,2,299990,299990,289990,289990,289990
51082,Winia DWC-K9650X,Lavadora y Secadora,Desconocido,9 kg.,,Frontal,https://www.solotodo.cl/products/51082-winia-dwc-k9650x,299990,0,0,299990,299990,299990,299990,299990
80399,Maytag MLG22PD,Lavadora y Secadora,Desconocido,10 kg.,10 kg.,Frontal,https://www.solotodo.cl/products/80399-maytag-mlg22pd,6023287,0,0,6023287,6023287,6023287,6023287,6023287
117980,Samsung WD95T4046CX,Lavadora y Secadora,Desconocido,9.5 kg.,6 kg.,Frontal,https://www.solotodo.cl/products/117980-samsung-wd95t4046cx,349990,0,0,349990,349990,349990,349990,349990
68927,LG WD12WVC4S6,Lavadora y Secadora,Desconocido,12 kg.,7 kg.,Frontal,https://www.solotodo.cl/products/68927-lg-wd12wvc4s6,419990,0,0,419990,419990,419990,419990,419990
68926,LG WD10VVC4S6C,Lavadora y Secadora,Desconocido,10.5 kg.,6 kg.,Frontal,https://www.solotodo.cl/products/68926-lg-wd10vvc4s6c,389990,0,0,389990,389990,389990,389990,389990
80222,Midea MLSF-13510SC01I,Lavadora y Secadora,Desconocido,13.5 kg.,10 kg.,Frontal,https://www.solotodo.cl/products/80222-midea-mlsf-13510sc01i,389990,0,0,389990,389990,389990,389990,389990
68932,LG WD10WVC4S6,Lavadora y Secadora,Desconocido,10.5 kg.,6 kg.,Frontal,https://www.solotodo.cl/products/68932-lg-wd10wvc4s6,379990,0,0,379990,379990,379990,379990,379990
117289,Samsung WD11TA046BE,Lavadora y Secadora,Desconocido,11 kg.,7 kg.,Frontal,https://www.solotodo.cl/products/117289-samsung-wd11ta046be,369990,0,0,369990,369990,369990,369990,369990
65683,Samsung WD10M44733W,Lavadora y Secadora,Desconocido,10.5 kg.,6 kg.,Frontal,https://www.solotodo.cl/products/65683-samsung-wd10m44733w,364990,0,0,364990,364990,364990,364990,364990
118345,Samsung WD12T754DBN,Lavadora y Secadora,Desconocido,12.5 kg.,7 kg.,Frontal,https://www.solotodo.cl/products/118345-samsung-wd12t754dbn,439990,0,0,439990,439990,439990,439990,439990
92888,Huebsch Commercial Stack,Lavadora y Secadora,Desconocido,10 kg.,10 kg.,Frontal,https://www.solotodo.cl/products/92888-huebsch-commercial-stack,4727810,0,0,4727810,4727810,4727810,4727810,4727810
117849,Samsung WD95T4046CE,Lavadora y Secadora,1400 W.,9.5 kg.,6 kg.,Frontal,https://www.solotodo.cl/products/117849-samsung-wd95t4046ce,329990,0,0,329990,329990,329990,329990,329990
68632,Fensa Perfect 11WD,Lavadora y Secadora,Desconocido,11 kg.,7 kg.,Frontal,https://www.solotodo.cl/products/68632-fensa-perfect-11wd,329990,0,0,329990,329990,329990,329990,329990
76830,Midea MLSF-1108BN05N,Lavadora y Secadora,Desconocido,11 kg.,8 kg.,Frontal,https://www.solotodo.cl/products/76830-midea-mlsf-1108bn05n,319990,0,0,319990,319990,319990,319990,319990
68633,Fensa Perfect 8WD,Lavadora y Secadora,Desconocido,8 kg.,5 kg.,Frontal,https://www.solotodo.cl/products/68633-fensa-perfect-8wd,299990,0,0,299990,299990,299990,299990,299990
48360,Samsung WD90M4453JW/ZS,Lavadora y Secadora,Desconocido,9 kg.,,Frontal,https://www.solotodo.cl/products/48360-samsung-wd90m4453jwzs,299990,0,0,299990,299990,299990,299990,299990
112835,Midea MF100D110B/T,Lavadora y Secadora,Desconocido,11 kg.,8 kg.,Frontal,https://www.solotodo.cl/products/112835-midea-mf100d110bt,349990,0,0,349990,349990,349990,349990,349990
114043,Fensa Ultimate Care 11WD,Lavadora y Secadora,Desconocido,11 kg.,7 kg.,Frontal,https://www.solotodo.cl/products/114043-fensa-ultimate-care-11wd,419990,0,0,419990,419990,419990,419990,419990
80426,Ursus Trotter WMDI-10K/7K-15P,Lavadora y Secadora,2000 W.,10 kg.,7 kg.,Frontal,https://www.solotodo.cl/products/80426-ursus-trotter-wmdi-10k7k-15p,699990,0,0,699990,699990,699990,699990,699990
116107,LG WD14BVC2S6C,Lavadora y Secadora,Desconocido,14 kg.,8 kg.,Frontal,https://www.solotodo.cl/products/116107-lg-wd14bvc2s6c,679990,0,0,679990,679990,679990,679990,679990
126131,Samsung WD12N64FR2W/ZS + Aspiradora Samsung Powerbot-E,Lavadora y Secadora,2400 W.,12 kg.,,Frontal,https://www.solotodo.cl/products/126131-samsung-wd12n64fr2wzs-aspiradora-samsung-powerbot-e,721750,0,0,721750,721750,721750,721750,721750
98443,Samsung WD22T6500GV/ZS,Lavadora y Secadora,Desconocido,22 kg.,13 kg.,Frontal,https://www.solotodo.cl/products/98443-samsung-wd22t6500gvzs,999990,0,0,999990,999990,999990,999990,999990
112836,LG WD20VV2S6,Lavadora y Secadora,Desconocido,20 kg.,12 kg.,Frontal,https://www.solotodo.cl/products/112836-lg-wd20vv2s6,949990,0,0,949990,949990,949990,949990,949990
79096,LG WD22VV2S6,Lavadora y Secadora,Desconocido,22 kg.,13 kg.,Frontal,https://www.solotodo.cl/products/79096-lg-wd22vv2s6,919990,0,0,919990,919990,919990,919990,919990
95368,Mabe MCL2040EEDGY0,Lavadora y Secadora,Desconocido,18 kg.,10 kg.,Frontal,https://www.solotodo.cl/products/95368-mabe-mcl2040eedgy0,809990,0,0,809990,809990,809990,809990,809990
46735,Samsung WD10N64FOOX/ZS,Lavadora y Secadora,Desconocido,10.5 kg.,6 kg.,Frontal,https://www.solotodo.cl/products/46735-samsung-wd10n64fooxzs,799990,0,0,799990,799990,799990,799990,799990
79588,Candy CSOW4965,Lavadora y Secadora,1600 W.,9 kg.,6 kg.,Frontal,https://www.solotodo.cl/products/79588-candy-csow4965,239990,0,0,239990,239990,239990,239990,239990
95370,Mabe MCL2040EEBBY0,Lavadora y Secadora,Desconocido,18 kg.,10 kg.,Frontal,https://www.solotodo.cl/products/95370-mabe-mcl2040eebby0,779990,0,0,779990,779990,779990,779990,779990
91764,Bosch WDU28540ES,Lavadora y Secadora,2000 W.,10 kg.,6 kg.,Frontal,https://www.solotodo.cl/products/91764-bosch-wdu28540es,789990,0,0,789990,789990,789990,789990,789990
92827,LG WD15DG2S6,Lavadora y Secadora,Desconocido,15 kg.,8 kg.,Frontal,https://www.solotodo.cl/products/92827-lg-wd15dg2s6,719990,0,0,719990,719990,719990,719990,719990
124060,LG WD14BVC2S6,Lavadora y Secadora,Desconocido,14 kg.,8 kg.,Frontal,https://www.solotodo.cl/products/124060-lg-wd14bvc2s6,719990,0,0,719990,719990,719990,719990,719990
117619,Bosch WDU8H541ES,Lavadora y Secadora,Desconocido,10 kg.,6 kg.,Frontal,https://www.solotodo.cl/products/117619-bosch-wdu8h541es,659990,0,0,659990,659990,659990,659990,659990
53753,Ursus Trotter WDMI-10-7K15P,Lavadora y Secadora,Desconocido,10 kg.,,Frontal,https://www.solotodo.cl/products/53753-ursus-trotter-wdmi-10-7k15p,579990,0,0,579990,579990,579990,579990,579990
52489,Samsung WD12N64FR2W/ZS,Lavadora y Secadora,2400 W.,12 kg.,,Frontal,https://www.solotodo.cl/products/52489-samsung-wd12n64fr2wzs,507650,0,0,507650,507650,507650,507650,507650
68928,LG WD12VVC3S6C,Lavadora y Secadora,Desconocido,12 kg.,7 kg.,Frontal,https://www.solotodo.cl/products/68928-lg-wd12vvc3s6c,499990,0,0,499990,499990,499990,499990,499990
117291,Candy ROW41494DW,Lavadora y Secadora,1400 W.,14 kg.,9 kg.,Frontal,https://www.solotodo.cl/products/117291-candy-row41494dw,449990,0,0,449990,449990,449990,449990,449990
118343,Samsung WD12T754DBT,Lavadora y Secadora,Desconocido,12.5 kg.,7 kg.,Frontal,https://www.solotodo.cl/products/118343-samsung-wd12t754dbt,419990,0,0,419990,419990,419990,419990,419990
122273,Whirlpool WCF10BF25Z,Lavadora y Secadora,1600 W.,10.5 kg.,7 kg.,Frontal,https://www.solotodo.cl/products/122273-whirlpool-wcf10bf25z,349922,-68,-0,349900,349900,349900,349990,349990
117290,Samsung WD11TA046BX,Lavadora y Secadora,Desconocido,11 kg.,7 kg.,Frontal,https://www.solotodo.cl/products/117290-samsung-wd11ta046bx,394990,-5000,-1,389990,389990,399990,399990,399990
118342,LG WD14TP04DSX,Lavadora y Secadora,Desconocido,14 kg.,9 kg.,Frontal,https://www.solotodo.cl/products/118342-lg-wd14tp04dsx,689490,-10500,-2,678990,678990,699990,699990,699990
102397,Mabe MCL2040PSDG0,Lavadora y Secadora,Desconocido,17 kg.,12 kg.,Frontal + Superior,https://www.solotodo.cl/products/102397-mabe-mcl2040psdg0,817490,-32500,-4,784990,784990,849990,849990,849990
123162,Candy COW41065TW,Lavadora y Secadora,Desconocido,10 kg.,6 kg.,Frontal,https://www.solotodo.cl/products/123162-candy-cow41065tw,369990,-30000,-8,379990,379990,359990,359990,399990
81851,Galanz GLCWT610WEI14A,Lavadora y Secadora,1850 W.,10 kg.,6 kg.,Frontal,https://www.solotodo.cl/products/81851-galanz-glcwt610wei14a,347490,-82500,-24,319990,319990,319990,429990,429990
